"StationCode","isSWMP","DateTimeStamp","Historical","ProvisionalPlus","CollMethd","REP","F_Record","PO4F","F_PO4F","NH4F","F_NH4F","NO2F","F_NO2F","NO3F","F_NO3F","NO23F","F_NO23F","CHLA_N","F_CHLA_N",
"sapldnut  ","P",01/27/2015 9:00,1,1,2         ,1         ,"{CHB} {CSM}",0.021,<1> (CHB) ,0.0702,<1> (CHB) ,0.0040,<-4> [SBL] (CHB) ,"",<-4> [SCB] (CHB) ,0.0251,<1> (CHB) ,5.1,<1> (CHB) ,
"sapldnut  ","P",01/27/2015 9:00,1,1,2         ,"S         ","{CHB} {CSM}",0.0213,<1> (CHB) ,0.072,<1> (CHB) ,0.0040,<-4> [SBL] (CHB) ,"",<-4> [SCB] (CHB) ,0.0251,<1> (CHB) ,4.7,<1> (CHB) ,
"sapldnut  ","P",01/27/2015 11:00,1,1,2         ,1         ,"{CHB} {CSM}",0.0241,<1> (CHB) ,0.0902,<1> (CHB) ,0.0040,<-4> [SBL] (CHB) ,"",<-4> [SCB] (CHB) ,0.0197,<1> (CHB) ,6.3,<1> (CHB) ,
"sapldnut  ","P",01/27/2015 11:00,1,1,2         ,"S         ","{CHB} {CSM}",0.0241,<1> (CHB) ,0.0904,<1> (CHB) ,0.0040,<-4> [SBL] (CHB) ,"",<-4> [SCB] (CHB) ,0.0197,<1> (CHB) ,5.1,<1> (CHB) ,
"sapldnut  ","P",01/27/2015 13:00,1,1,2         ,1         ,"{CHB} {CSM}",0.0244,<1> (CHB) ,0.0685,<1> (CHB) ,0.0040,<-4> [SBL] (CHB) ,"",<-4> [SCB] (CHB) ,0.0125,<1> (CHB) ,6.8,<1> (CHB) ,
"sapldnut  ","P",01/27/2015 13:00,1,1,2         ,"S         ","{CHB} {CSM}",0.0244,<1> (CHB) ,0.0693,<1> (CHB) ,0.0040,<-4> [SBL] (CHB) ,"",<-4> [SCB] (CHB) ,0.0113,<1> (CHB) ,6.3,<1> (CHB) ,
"sapldnut  ","P",01/27/2015 15:00,1,1,2         ,1         ,"{CHB} {CSM}",0.0218,<1> (CHB) ,0.0598,<1> (CHB) ,0.0040,<-4> [SBL] (CHB) ,"",<-4> [SCB] (CHB) ,0.0056,<1> (CHB) ,7.6,<1> (CHB) ,
"sapldnut  ","P",01/27/2015 15:00,1,1,2         ,"S         ","{CHB} {CSM}",0.0215,<1> (CHB) ,0.0592,<1> (CHB) ,0.0040,<-4> [SBL] (CHB) ,"",<-4> [SCB] (CHB) ,0.0050,<1> (CHB) ,7.9,<1> (CHB) ,
"sapldnut  ","P",01/27/2015 17:00,1,1,2         ,1         ,"{CHB} {CSM}",0.0257,<1> (CHB) ,0.0932,<1> (CHB) ,0.0040,<-4> [SBL] (CHB) ,"",<-4> [SCB] (CHB) ,0.015,<1> (CHB) ,5.6,<1> (CHB) ,
"sapldnut  ","P",01/27/2015 17:00,1,1,2         ,"S         ","{CHB} {CSM}",0.0256,<1> (CHB) ,0.0941,<1> (CHB) ,0.0040,<-4> [SBL] (CHB) ,"",<-4> [SCB] (CHB) ,0.0148,<1> (CHB) ,5.3,<1> (CHB) ,
"sapldnut  ","P",01/27/2015 19:00,1,1,2         ,1         ,"{CHB} {CSM}",0.0278,<1> (CHB) ,0.0835,<1> (CHB) ,0.0040,<-4> [SBL] (CHB) ,"",<-4> [SCB] (CHB) ,0.0078,<1> (CHB) ,3.2,<1> (CHB) ,
"sapldnut  ","P",01/27/2015 19:00,1,1,2         ,"S         ","{CHB} {CSM}",0.0273,<1> (CHB) ,0.0797,<1> (CHB) ,0.0040,<-4> [SBL] (CHB) ,"",<-4> [SCB] (CHB) ,0.0076,<1> (CHB) ,3.8,<1> (CHB) ,
"sapldnut  ","P",01/27/2015 21:00,1,1,2         ,1         ,"{CHB} {CSM}",0.0277,<1> (CHB) ,0.0999,<1> (CHB) ,0.0040,<-4> [SBL] (CHB) ,"",<-4> [SCB] (CHB) ,0.0132,<1> (CHB) ,4.0,<1> (CHB) ,
"sapldnut  ","P",01/27/2015 21:00,1,1,2         ,"S         ","{CHB} {CSM}",0.0276,<1> (CHB) ,0.103,<1> (CHB) ,0.0040,<-4> [SBL] (CHB) ,"",<-4> [SCB] (CHB) ,0.0131,<1> (CHB) ,3.7,<1> (CHB) ,
"sapldnut  ","P",01/27/2015 23:00,1,1,2         ,1         ,"{CHB} {CSM}",0.0249,<1> (CHB) ,0.0891,<1> (CHB) ,0.0040,<-4> [SBL] (CHB) ,"",<-4> [SCB] (CHB) ,0.0242,<1> (CHB) ,2.9,<1> (CHB) ,
"sapldnut  ","P",01/27/2015 23:00,1,1,2         ,"S         ","{CHB} {CSM}",0.0253,<1> (CHB) ,0.0908,<1> (CHB) ,0.0040,<-4> [SBL] (CHB) ,"",<-4> [SCB] (CHB) ,0.0242,<1> (CHB) ,3.0,<1> (CHB) ,
"sapldnut  ","P",01/28/2015 1:00,1,1,2         ,1         ,"{CHB} {CSM}",0.0223,<1> (CHB) ,0.0834,<1> (CHB) ,0.0040,<-4> [SBL] (CHB) ,"",<-4> [SCB] (CHB) ,0.0071,<1> (CHB) ,5.4,<1> (CHB) ,
"sapldnut  ","P",01/28/2015 1:00,1,1,2         ,"S         ","{CHB} {CSM}",0.0225,<1> (CHB) ,0.0831,<1> (CHB) ,0.0040,<-4> [SBL] (CHB) ,"",<-4> [SCB] (CHB) ,0.0076,<1> (CHB) ,4.9,<1> (CHB) ,
"sapldnut  ","P",01/28/2015 3:00,1,1,2         ,1         ,"{CHB} {CSM}",0.0198,<1> (CHB) ,0.0477,<1> (CHB) ,0.0040,<-4> [SBL] (CHB) ,"",<-4> [SCB] (CHB) ,0.0040,<-4> [SBL] (CHB) ,8.6,<1> (CHB) ,
"sapldnut  ","P",01/28/2015 3:00,1,1,2         ,"S         ","{CHB} {CSM}",0.02,<1> (CHB) ,0.0486,<1> (CHB) ,0.0040,<-4> [SBL] (CHB) ,"",<-4> [SCB] (CHB) ,0.0040,<-4> [SBL] (CHB) ,7.8,<1> (CHB) ,
"sapldnut  ","P",01/28/2015 5:00,1,1,2         ,1         ,"{CHB} {CSM}",0.0462,<1> (CHB) ,0.0889,<1> (CHB) ,0.0040,<-4> [SBL] (CHB) ,"",<-4> [SCB] (CHB) ,0.0040,<-4> [SBL] (CHB) ,8.5,<1> (CHB) ,
"sapldnut  ","P",01/28/2015 5:00,1,1,2         ,"S         ","{CHB} {CSM}",0.0465,<1> (CHB) ,0.0905,<1> (CHB) ,0.0040,<-4> [SBL] (CHB) ,"",<-4> [SCB] (CHB) ,0.0040,<-4> [SBL] (CHB) ,9.4,<1> (CHB) ,
"sapldnut  ","P",01/28/2015 7:00,1,1,2         ,1         ,"{CHB} {CSM}",0.0276,<1> (CHB) ,0.0868,<1> (CHB) ,0.0040,<-4> [SBL] (CHB) ,"",<-4> [SCB] (CHB) ,0.0096,<1> (CHB) ,4.5,<1> (CHB) ,
"sapldnut  ","P",01/28/2015 7:00,1,1,2         ,"S         ","{CHB} {CSM}",0.0277,<1> (CHB) ,0.0824,<1> (CHB) ,0.0040,<-4> [SBL] (CHB) ,"",<-4> [SCB] (CHB) ,0.0094,<1> (CHB) ,5.6,<1> (CHB) ,
"sapldnut  ","P",01/28/2015 9:00,1,1,2         ,1         ,"{CHB} {CSM}",0.0286,<1> (CHB) ,0.0633,<1> (CHB) ,0.0040,<-4> [SBL] (CHB) ,"",<-4> [SCB] (CHB) ,0.0077,<1> (CHB) ,6.0,<1> (CHB) ,
"sapldnut  ","P",01/28/2015 9:00,1,1,2         ,"S         ","{CHB} {CSM}",0.029,<1> (CHB) ,0.0636,<1> (CHB) ,0.0040,<-4> [SBL] (CHB) ,"",<-4> [SCB] (CHB) ,0.0076,<1> (CHB) ,3.6,<1> (CHB) ,
"sapldnut  ","P",01/28/2015 10:06,1,1,1         ,1         ,"{CHB} {CSM}",0.0282,<1> (CHB) ,0.0983,<1> (CHB) ,0.0040,<-4> [SBL] (CHB) ,"",<-4> [SCB] (CHB) ,0.0067,<1> (CHB) ,9.9,<1> (CHB) ,
"sapldnut  ","P",01/28/2015 10:06,1,1,1         ,"S         ","{CHB} {CSM}",0.0282,<1> (CHB) ,0.0976,<1> (CHB) ,0.0040,<-4> [SBL] (CHB) ,"",<-4> [SCB] (CHB) ,0.0064,<1> (CHB) ,9.6,<1> (CHB) ,
"sapldnut  ","P",01/28/2015 10:07,1,1,1         ,2         ,"{CHB} {CSM}",0.0298,<1> (CHB) ,0.0823,<1> (CHB) ,0.0040,<-4> [SBL] (CHB) ,"",<-4> [SCB] (CHB) ,0.0048,<1> (CHB) ,4.6,<1> (CHB) ,
"sapldnut  ","P",01/28/2015 10:07,1,1,1         ,"S         ","{CHB} {CSM}",0.0297,<1> (CHB) ,0.081,<1> (CHB) ,0.0040,<-4> [SBL] (CHB) ,"",<-4> [SCB] (CHB) ,0.0045,<1> (CHB) ,7.7,<1> (CHB) ,
"sapldnut  ","P",02/24/2015 6:30,1,1,2         ,1         ,"{CSM}",0.0222,<1> (CHB) ,0.0624,<1> (CHB) ,0.0040,<-4> [SBL] (CHB) ,"",<-4> [SCB] (CHB) ,0.0040,<-4> [SBL] (CHB) ,3.0,<1> (CHB) ,
"sapldnut  ","P",02/24/2015 6:30,1,1,2         ,"S         ","{CSM}",0.0222,<1> (CHB) ,0.0753,<1> (CHB) ,0.0040,<-4> [SBL] (CHB) ,"",<-4> [SCB] (CHB) ,0.0040,<-4> [SBL] (CHB) ,3.4,<1> (CHB) ,
"sapldnut  ","P",02/24/2015 8:30,1,1,2         ,1         ,"{CSM}",0.0255,<1> (CHB) ,0.0596,<1> (CHB) ,0.0040,<-4> [SBL] (CHB) ,"",<-4> [SCB] (CHB) ,0.0040,<-4> [SBL] (CHB) ,4.4,<1> (CHB) ,
"sapldnut  ","P",02/24/2015 8:30,1,1,2         ,"S         ","{CSM}",0.0247,<1> (CHB) ,0.0751,<1> (CHB) ,0.0040,<-4> [SBL] (CHB) ,"",<-4> [SCB] (CHB) ,0.0040,<-4> [SBL] (CHB) ,4.1,<1> (CHB) ,
"sapldnut  ","P",02/24/2015 10:30,1,1,2         ,1         ,"{CSM}",0.0177,<1> (CHB) ,0.0488,<1> (CHB) ,0.0040,<-4> [SBL] (CHB) ,"",<-4> [SCB] (CHB) ,0.0040,<-4> [SBL] (CHB) ,8.4,<1> (CHB) ,
"sapldnut  ","P",02/24/2015 10:30,1,1,2         ,"S         ","{CSM}",0.0173,<1> (CHB) ,0.062,<1> (CHB) ,0.0040,<-4> [SBL] (CHB) ,"",<-4> [SCB] (CHB) ,0.0040,<-4> [SBL] (CHB) ,8.2,<1> (CHB) ,
"sapldnut  ","P",02/24/2015 12:30,1,1,2         ,1         ,"{CSM}",0.017,<1> (CHB) ,0.0426,<1> (CHB) ,0.0040,<-4> [SBL] (CHB) ,"",<-4> [SCB] (CHB) ,0.0040,<-4> [SBL] (CHB) ,9.0,<1> (CHB) ,
"sapldnut  ","P",02/24/2015 12:30,1,1,2         ,"S         ","{CSM}",0.0173,<1> (CHB) ,0.0481,<1> (CHB) ,0.0040,<-4> [SBL] (CHB) ,"",<-4> [SCB] (CHB) ,0.0040,<-4> [SBL] (CHB) ,9.6,<1> (CHB) ,
"sapldnut  ","P",02/24/2015 14:30,1,1,2         ,1         ,"{CSM}",0.0186,<1> (CHB) ,0.0471,<1> (CHB) ,0.0040,<-4> [SBL] (CHB) ,"",<-4> [SCB] (CHB) ,0.0040,<-4> [SBL] (CHB) ,9.7,<1> (CHB) ,
"sapldnut  ","P",02/24/2015 14:30,1,1,2         ,"S         ","{CSM}",0.0186,<1> (CHB) ,0.0488,<1> (CHB) ,0.0040,<-4> [SBL] (CHB) ,"",<-4> [SCB] (CHB) ,0.0040,<-4> [SBL] (CHB) ,9.3,<1> (CHB) ,
"sapldnut  ","P",02/24/2015 16:30,1,1,2         ,1         ,"{CSM}",0.021,<1> (CHB) ,0.05,<1> (CHB) ,0.0040,<-4> [SBL] (CHB) ,"",<-4> [SCB] (CHB) ,0.0040,<-4> [SBL] (CHB) ,6.8,<1> (CHB) ,
"sapldnut  ","P",02/24/2015 16:30,1,1,2         ,"S         ","{CSM}",0.0207,<1> (CHB) ,0.0589,<1> (CHB) ,0.0040,<-4> [SBL] (CHB) ,"",<-4> [SCB] (CHB) ,0.0040,<-4> [SBL] (CHB) ,5.8,<1> (CHB) ,
"sapldnut  ","P",02/24/2015 18:30,1,1,2         ,1         ,"{CSM}",0.0233,<1> (CHB) ,0.057,<1> (CHB) ,0.0040,<-4> [SBL] (CHB) ,"",<-4> [SCB] (CHB) ,0.0040,<-4> [SBL] (CHB) ,2.5,<1> (CHB) ,
"sapldnut  ","P",02/24/2015 18:30,1,1,2         ,"S         ","{CSM}",0.0232,<1> (CHB) ,0.0931,<1> (CHB) ,0.0040,<-4> [SBL] (CHB) ,"",<-4> [SCB] (CHB) ,0.0040,<-4> [SBL] (CHB) ,3.3,<1> (CHB) ,
"sapldnut  ","P",02/24/2015 20:30,1,1,2         ,1         ,"{CSM}",0.0207,<1> (CHB) ,0.0476,<1> (CHB) ,0.0040,<-4> [SBL] (CHB) ,"",<-4> [SCB] (CHB) ,0.0040,<-4> [SBL] (CHB) ,2.9,<1> (CHB) ,
"sapldnut  ","P",02/24/2015 20:30,1,1,2         ,"S         ","{CSM}",0.0207,<1> (CHB) ,0.0509,<1> (CHB) ,0.0040,<-4> [SBL] (CHB) ,"",<-4> [SCB] (CHB) ,0.0040,<-4> [SBL] (CHB) ,2.5,<1> (CHB) ,
"sapldnut  ","P",02/24/2015 22:30,1,1,2         ,1         ,"{CSM}",0.0232,<1> (CHB) ,0.0471,<1> (CHB) ,0.0040,<-4> [SBL] (CHB) ,"",<-4> [SCB] (CHB) ,0.0040,<-4> [SBL] (CHB) ,3.8,<1> (CHB) ,
"sapldnut  ","P",02/24/2015 22:30,1,1,2         ,"S         ","{CSM}",0.0232,<1> (CHB) ,0.0489,<1> (CHB) ,0.0040,<-4> [SBL] (CHB) ,"",<-4> [SCB] (CHB) ,0.0040,<-4> [SBL] (CHB) ,3.5,<1> (CHB) ,
"sapldnut  ","P",02/25/2015 0:30,1,1,2         ,1         ,"{CSM}",0.0194,<1> (CHB) ,0.057,<1> (CHB) ,0.0040,<-4> [SBL] (CHB) ,"",<-4> [SCB] (CHB) ,0.0040,<-4> [SBL] (CHB) ,3.4,<1> (CHB) ,
"sapldnut  ","P",02/25/2015 0:30,1,1,2         ,"S         ","{CSM}",0.0193,<1> (CHB) ,0.0699,<1> (CHB) ,0.0040,<-4> [SBL] (CHB) ,"",<-4> [SCB] (CHB) ,0.0040,<-4> [SBL] (CHB) ,5.2,<1> (CHB) ,
"sapldnut  ","P",02/25/2015 2:30,1,1,2         ,1         ,"{CSM}",0.0202,<1> (CHB) ,0.0422,<1> (CHB) ,0.0040,<-4> [SBL] (CHB) ,"",<-4> [SCB] (CHB) ,0.0040,<-4> [SBL] (CHB) ,6.8,<1> (CHB) ,
"sapldnut  ","P",02/25/2015 2:30,1,1,2         ,"S         ","{CSM}",0.0203,<1> (CHB) ,0.0626,<1> (CHB) ,0.0040,<-4> [SBL] (CHB) ,"",<-4> [SCB] (CHB) ,0.0040,<-4> [SBL] (CHB) ,6.0,<1> (CHB) ,
"sapldnut  ","P",02/25/2015 4:30,1,1,2         ,1         ,"{CSM}",0.0229,<1> (CHB) ,0.0671,<1> (CHB) ,0.0040,<-4> [SBL] (CHB) ,"",<-4> [SCB] (CHB) ,0.0040,<-4> [SBL] (CHB) ,6.2,<1> (CHB) ,
"sapldnut  ","P",02/25/2015 4:30,1,1,2         ,"S         ","{CSM}",0.0228,<1> (CHB) ,0.107,<1> (CHB) ,0.0040,<-4> [SBL] (CHB) ,"",<-4> [SCB] (CHB) ,0.0040,<-4> [SBL] (CHB) ,6.4,<1> (CHB) ,
"sapldnut  ","P",02/25/2015 6:30,1,1,2         ,1         ,"{CSM}",0.0245,<1> (CHB) ,0.0832,<1> (CHB) ,0.0040,<-4> [SBL] (CHB) ,"",<-4> [SCB] (CHB) ,0.0040,<-4> [SBL] (CHB) ,3.3,<1> (CHB) ,
"sapldnut  ","P",02/25/2015 6:30,1,1,2         ,"S         ","{CSM}",0.0245,<1> (CHB) ,0.0816,<1> (CHB) ,0.0040,<-4> [SBL] (CHB) ,"",<-4> [SCB] (CHB) ,0.0040,<-4> [SBL] (CHB) ,2.8,<1> (CHB) ,
"sapldnut  ","P",02/25/2015 9:45,1,1,1         ,1         ,"{CSM}",0.0243,<1> (CHB) ,0.139,<1> (CHB) ,0.0040,<-4> [SBL] (CHB) ,"",<-4> [SCB] (CHB) ,0.0040,<-4> [SBL] (CHB) ,6.8,<1> (CHB) ,
"sapldnut  ","P",02/25/2015 9:45,1,1,1         ,"S         ","{CSM}",0.0242,<1> (CHB) ,0.0934,<1> (CHB) ,0.0040,<-4> [SBL] (CHB) ,"",<-4> [SCB] (CHB) ,0.0040,<-4> [SBL] (CHB) ,6.4,<1> (CHB) ,
"sapldnut  ","P",02/25/2015 9:48,1,1,1         ,2         ,"{CSM}",0.026,<1> (CHB) ,0.119,<1> (CHB) ,0.0040,<-4> [SBL] (CHB) ,"",<-4> [SCB] (CHB) ,0.0040,<-4> [SBL] (CHB) ,4.4,<1> (CHB) ,
"sapldnut  ","P",02/25/2015 9:48,1,1,1         ,"S         ","{CSM}",0.0258,<1> (CHB) ,0.107,<1> (CHB) ,0.0040,<-4> [SBL] (CHB) ,"",<-4> [SCB] (CHB) ,0.0040,<-4> [SBL] (CHB) ,4.1,<1> (CHB) ,
"sapldnut  ","P",03/24/2015 6:30,1,1,2         ,1         ,"{CHB} {CSM}",0.0372,<1> (CHB) ,0.0507,<1> (CHB) ,0.0040,<-4> [SBL] (CHB) ,"",<-4> [SCB] (CHB) ,0.0040,<-4> [SBL] (CHB) ,2.6,<1> (CHB) ,
"sapldnut  ","P",03/24/2015 6:30,1,1,2         ,"S         ","{CHB} {CSM}",0.0375,<1> (CHB) ,0.0522,<1> (CHB) ,0.0040,<-4> [SBL] (CHB) ,"",<-4> [SCB] (CHB) ,0.0040,<-4> [SBL] (CHB) ,3.7,<1> (CHB) ,
"sapldnut  ","P",03/24/2015 8:30,1,1,2         ,1         ,"{CHB} {CSM}",0.0216,<1> (CHB) ,0.0677,<1> (CHB) ,0.0040,<-4> [SBL] (CHB) ,"",<-4> [SCB] (CHB) ,0.0040,<-4> [SBL] (CHB) ,3.4,<1> (CHB) ,
"sapldnut  ","P",03/24/2015 8:30,1,1,2         ,"S         ","{CHB} {CSM}",0.0215,<1> (CHB) ,0.0683,<1> (CHB) ,0.0040,<-4> [SBL] (CHB) ,"",<-4> [SCB] (CHB) ,0.0040,<-4> [SBL] (CHB) ,4.0,<1> (CHB) ,
"sapldnut  ","P",03/24/2015 10:30,1,1,2         ,1         ,"{CHB} {CSM}",0.0218,<1> (CHB) ,0.0713,<1> (CHB) ,0.0040,<-4> [SBL] (CHB) ,"",<-4> [SCB] (CHB) ,0.0040,<-4> [SBL] (CHB) ,6.8,<1> (CHB) ,
"sapldnut  ","P",03/24/2015 10:30,1,1,2         ,"S         ","{CHB} {CSM}",0.0218,<1> (CHB) ,0.0718,<1> (CHB) ,0.0040,<-4> [SBL] (CHB) ,"",<-4> [SCB] (CHB) ,0.0040,<-4> [SBL] (CHB) ,6.0,<1> (CHB) ,
"sapldnut  ","P",03/24/2015 12:30,1,1,2         ,1         ,"{CHB} {CSM}",0.02,<1> (CHB) ,0.049,<1> (CHB) ,0.0040,<-4> [SBL] (CHB) ,"",<-4> [SCB] (CHB) ,0.0040,<-4> [SBL] (CHB) ,7.6,<1> (CHB) ,
"sapldnut  ","P",03/24/2015 12:30,1,1,2         ,"S         ","{CHB} {CSM}",0.0196,<1> (CHB) ,0.0504,<1> (CHB) ,0.0040,<-4> [SBL] (CHB) ,"",<-4> [SCB] (CHB) ,0.0040,<-4> [SBL] (CHB) ,7.5,<1> (CHB) ,
"sapldnut  ","P",03/24/2015 14:30,1,1,2         ,1         ,"{CHB} {CSM}",0.0221,<1> (CHB) ,0.0651,<1> (CHB) ,0.0040,<-4> [SBL] (CHB) ,"",<-4> [SCB] (CHB) ,0.0040,<-4> [SBL] (CHB) ,6.8,<1> (CHB) ,
"sapldnut  ","P",03/24/2015 14:30,1,1,2         ,"S         ","{CHB} {CSM}",0.0217,<1> (CHB) ,0.0655,<1> (CHB) ,0.0040,<-4> [SBL] (CHB) ,"",<-4> [SCB] (CHB) ,0.0040,<-4> [SBL] (CHB) ,7.3,<1> (CHB) ,
"sapldnut  ","P",03/24/2015 16:30,1,1,2         ,1         ,"{CHB} {CSM}",0.0235,<1> (CHB) ,0.0763,<1> (CHB) ,0.0040,<-4> [SBL] (CHB) ,"",<-4> [SCB] (CHB) ,0.0040,<-4> [SBL] (CHB) ,4.9,<1> (CHB) ,
"sapldnut  ","P",03/24/2015 16:30,1,1,2         ,"S         ","{CHB} {CSM}",0.0233,<1> (CHB) ,0.0769,<1> (CHB) ,0.0040,<-4> [SBL] (CHB) ,"",<-4> [SCB] (CHB) ,0.0040,<-4> [SBL] (CHB) ,4.9,<1> (CHB) ,
"sapldnut  ","P",03/24/2015 18:30,1,1,2         ,1         ,"{CHB} {CSM}",0.0235,<1> (CHB) ,0.0717,<1> (CHB) ,0.0040,<-4> [SBL] (CHB) ,"",<-4> [SCB] (CHB) ,0.0040,<-4> [SBL] (CHB) ,2.8,<1> (CHB) ,
"sapldnut  ","P",03/24/2015 18:30,1,1,2         ,"S         ","{CHB} {CSM}",0.0236,<1> (CHB) ,0.0724,<1> (CHB) ,0.0040,<-4> [SBL] (CHB) ,"",<-4> [SCB] (CHB) ,0.0040,<-4> [SBL] (CHB) ,3.5,<1> (CHB) ,
"sapldnut  ","P",03/24/2015 20:30,1,1,2         ,1         ,"{CHB} {CSM}",0.0229,<1> (CHB) ,0.0711,<1> (CHB) ,0.0040,<-4> [SBL] (CHB) ,"",<-4> [SCB] (CHB) ,0.0040,<-4> [SBL] (CHB) ,2.7,<1> (CHB) ,
"sapldnut  ","P",03/24/2015 20:30,1,1,2         ,"S         ","{CHB} {CSM}",0.0233,<1> (CHB) ,0.0714,<1> (CHB) ,0.0040,<-4> [SBL] (CHB) ,"",<-4> [SCB] (CHB) ,0.0040,<-4> [SBL] (CHB) ,2.5,<1> (CHB) ,
"sapldnut  ","P",03/24/2015 22:30,1,1,2         ,1         ,"{CHB} {CSM}",0.0218,<1> (CHB) ,0.0682,<1> (CHB) ,0.0040,<-4> [SBL] (CHB) ,"",<-4> [SCB] (CHB) ,0.0040,<-4> [SBL] (CHB) ,2.8,<1> (CHB) ,
"sapldnut  ","P",03/24/2015 22:30,1,1,2         ,"S         ","{CHB} {CSM}",0.0218,<1> (CHB) ,0.0688,<1> (CHB) ,0.0040,<-4> [SBL] (CHB) ,"",<-4> [SCB] (CHB) ,0.0040,<-4> [SBL] (CHB) ,3.9,<1> (CHB) ,
"sapldnut  ","P",03/25/2015 0:30,1,1,2         ,1         ,"{CHB} {CSM}",0.0415,<1> (CHB) ,0.0678,<1> (CHB) ,0.0040,<-4> [SBL] (CHB) ,"",<-4> [SCB] (CHB) ,0.0040,<-4> [SBL] (CHB) ,6.1,<1> (CHB) ,
"sapldnut  ","P",03/25/2015 0:30,1,1,2         ,"S         ","{CHB} {CSM}",0.0409,<1> (CHB) ,0.0668,<1> (CHB) ,0.0040,<-4> [SBL] (CHB) ,"",<-4> [SCB] (CHB) ,0.0040,<-4> [SBL] (CHB) ,5.8,<1> (CHB) ,
"sapldnut  ","P",03/25/2015 2:30,1,1,2         ,1         ,"{CHB} {CSM}",0.0232,<1> (CHB) ,0.0459,<1> (CHB) ,0.0040,<-4> [SBL] (CHB) ,"",<-4> [SCB] (CHB) ,0.0040,<-4> [SBL] (CHB) ,8.9,<1> (CHB) ,
"sapldnut  ","P",03/25/2015 2:30,1,1,2         ,"S         ","{CHB} {CSM}",0.0236,<1> (CHB) ,0.0458,<1> (CHB) ,0.0040,<-4> [SBL] (CHB) ,"",<-4> [SCB] (CHB) ,0.0040,<-4> [SBL] (CHB) ,9.4,<1> (CHB) ,
"sapldnut  ","P",03/25/2015 4:30,1,1,2         ,1         ,"{CHB} {CSM}",0.0245,<1> (CHB) ,0.0654,<1> (CHB) ,0.0040,<-4> [SBL] (CHB) ,"",<-4> [SCB] (CHB) ,0.0040,<-4> [SBL] (CHB) ,4.8,<1> (CHB) ,
"sapldnut  ","P",03/25/2015 4:30,1,1,2         ,"S         ","{CHB} {CSM}",0.0243,<1> (CHB) ,0.0655,<1> (CHB) ,0.0040,<-4> [SBL] (CHB) ,"",<-4> [SCB] (CHB) ,0.0040,<-4> [SBL] (CHB) ,3.9,<1> (CHB) ,
"sapldnut  ","P",03/25/2015 6:30,1,1,2         ,1         ,"{CHB} {CSM}",0.0237,<1> (CHB) ,0.076,<1> (CHB) ,0.0040,<-4> [SBL] (CHB) ,"",<-4> [SCB] (CHB) ,0.0335,<1> (CHB) ,2.5,<1> (CHB) ,
"sapldnut  ","P",03/25/2015 6:30,1,1,2         ,"S         ","{CHB} {CSM}",0.0237,<1> (CHB) ,0.0766,<1> (CHB) ,0.0040,<-4> [SBL] (CHB) ,"",<-4> [SCB] (CHB) ,0.0336,<1> (CHB) ,3.3,<1> (CHB) ,
"sapldnut  ","P",03/25/2015 10:31,1,1,1         ,1         ,"{CHB} {CSM}",0.0272,<1> (CHB) ,0.0482,<1> (CHB) ,0.0040,<-4> [SBL] (CHB) ,"",<-4> [SCB] (CHB) ,0.0040,<-4> [SBL] (CHB) ,6.9,<1> (CHB) ,
"sapldnut  ","P",03/25/2015 10:31,1,1,1         ,"S         ","{CHB} {CSM}",0.027,<1> (CHB) ,0.0489,<1> (CHB) ,0.0040,<-4> [SBL] (CHB) ,"",<-4> [SCB] (CHB) ,0.0040,<-4> [SBL] (CHB) ,6.7,<1> (CHB) ,
"sapldnut  ","P",03/25/2015 10:33,1,1,1         ,2         ,"{CHB} {CSM}",0.0268,<1> (CHB) ,0.0414,<1> (CHB) ,0.0040,<-4> [SBL] (CHB) ,"",<-4> [SCB] (CHB) ,0.0040,<-4> [SBL] (CHB) ,4.4,<1> (CHB) ,
"sapldnut  ","P",03/25/2015 10:33,1,1,1         ,"S         ","{CHB} {CSM}",0.0267,<1> (CHB) ,0.0418,<1> (CHB) ,0.0040,<-4> [SBL] (CHB) ,"",<-4> [SCB] (CHB) ,0.0040,<-4> [SBL] (CHB) ,4.4,<1> (CHB) ,
"sapldnut  ","P",04/21/2015 5:30,1,1,2         ,1         ,"{CHB} {CSM}",0.0204,<1> (CHB) ,0.0928,<1> (CHB) ,0.0040,<-4> [SBL] (CHB) ,"",<-4> [SCB] (CHB) ,0.026,<1> (CHB) ,2.4,<1> (CHB) ,
"sapldnut  ","P",04/21/2015 5:30,1,1,2         ,"S         ","{CHB} {CSM}",0.0213,<1> (CHB) ,0.1,<1> (CHB) ,0.0040,<-4> [SBL] (CHB) ,"",<-4> [SCB] (CHB) ,0.0253,<1> (CHB) ,3.4,<1> (CHB) ,
"sapldnut  ","P",04/21/2015 7:30,1,1,2         ,1         ,"{CHB} {CSM}",0.0221,<1> (CHB) ,0.104,<1> (CHB) ,0.0040,<-4> [SBL] (CHB) ,"",<-4> [SCB] (CHB) ,0.0276,<1> (CHB) ,3.4,<1> (CHB) ,
"sapldnut  ","P",04/21/2015 7:30,1,1,2         ,"S         ","{CHB} {CSM}",0.0219,<1> (CHB) ,0.105,<1> (CHB) ,0.0040,<-4> [SBL] (CHB) ,"",<-4> [SCB] (CHB) ,0.0276,<1> (CHB) ,3.3,<1> (CHB) ,
"sapldnut  ","P",04/21/2015 9:30,1,1,2         ,1         ,"{CHB} {CSM}",0.0202,<1> (CHB) ,0.105,<1> (CHB) ,0.0040,<-4> [SBL] (CHB) ,"",<-4> [SCB] (CHB) ,0.0252,<1> (CHB) ,5.8,<1> (CHB) ,
"sapldnut  ","P",04/21/2015 9:30,1,1,2         ,"S         ","{CHB} {CSM}",0.0203,<1> (CHB) ,0.103,<1> (CHB) ,0.0040,<-4> [SBL] (CHB) ,"",<-4> [SCB] (CHB) ,0.0251,<1> (CHB) ,7.4,<1> (CHB) ,
"sapldnut  ","P",04/21/2015 11:30,1,1,2         ,1         ,"{CHB} {CSM}",0.0163,<1> (CHB) ,0.0667,<1> (CHB) ,0.0040,<-4> [SBL] (CHB) ,"",<-4> [SCB] (CHB) ,0.0076,<1> (CHB) ,7.6,<1> (CHB) ,
"sapldnut  ","P",04/21/2015 11:30,1,1,2         ,"S         ","{CHB} {CSM}",0.0158,<1> (CHB) ,0.0658,<1> (CHB) ,0.0040,<-4> [SBL] (CHB) ,"",<-4> [SCB] (CHB) ,0.0078,<1> (CHB) ,8.4,<1> (CHB) ,
"sapldnut  ","P",04/21/2015 13:30,1,1,2         ,1         ,"{CHB} {CSM}",0.0215,<1> (CHB) ,0.0952,<1> (CHB) ,0.0040,<-4> [SBL] (CHB) ,"",<-4> [SCB] (CHB) ,0.0245,<1> (CHB) ,6.0,<1> (CHB) ,
"sapldnut  ","P",04/21/2015 13:30,1,1,2         ,"S         ","{CHB} {CSM}",0.0215,<1> (CHB) ,0.104,<1> (CHB) ,0.0040,<-4> [SBL] (CHB) ,"",<-4> [SCB] (CHB) ,0.0237,<1> (CHB) ,5.6,<1> (CHB) ,
"sapldnut  ","P",04/21/2015 15:30,1,1,2         ,1         ,"{CHB} {CSM}",0.0152,<1> (CHB) ,0.0425,<1> (CHB) ,0.0040,<-4> [SBL] (CHB) ,"",<-4> [SCB] (CHB) ,0.021,<1> (CHB) ,4.5,<1> (CHB) ,
"sapldnut  ","P",04/21/2015 15:30,1,1,2         ,"S         ","{CHB} {CSM}",0.0158,<1> (CHB) ,0.0424,<1> (CHB) ,0.0040,<-4> [SBL] (CHB) ,"",<-4> [SCB] (CHB) ,0.0211,<1> (CHB) ,4.9,<1> (CHB) ,
"sapldnut  ","P",04/21/2015 17:30,1,1,2         ,1         ,"{CHB} {CSM}",0.0219,<1> (CHB) ,0.0828,<1> (CHB) ,0.0040,<-4> [SBL] (CHB) ,"",<-4> [SCB] (CHB) ,0.0193,<1> (CHB) ,4.4,<1> (CHB) ,
"sapldnut  ","P",04/21/2015 17:30,1,1,2         ,"S         ","{CHB} {CSM}",0.0228,<1> (CHB) ,0.0875,<1> (CHB) ,0.0040,<-4> [SBL] (CHB) ,"",<-4> [SCB] (CHB) ,0.0188,<1> (CHB) ,5.1,<1> (CHB) ,
"sapldnut  ","P",04/21/2015 19:30,1,1,2         ,1         ,"{CHB} {CSM}",0.0225,<1> (CHB) ,0.101,<1> (CHB) ,0.0040,<-4> [SBL] (CHB) ,"",<-4> [SCB] (CHB) ,0.0302,<1> (CHB) ,3.5,<1> (CHB) ,
"sapldnut  ","P",04/21/2015 19:30,1,1,2         ,"S         ","{CHB} {CSM}",0.0229,<1> (CHB) ,0.109,<1> (CHB) ,0.0040,<-4> [SBL] (CHB) ,"",<-4> [SCB] (CHB) ,0.0298,<1> (CHB) ,3.1,<1> (CHB) ,
"sapldnut  ","P",04/21/2015 21:30,1,1,2         ,1         ,"{CHB} {CSM}",0.0229,<1> (CHB) ,0.104,<1> (CHB) ,0.0040,<-4> [SBL] (CHB) ,"",<-4> [SCB] (CHB) ,0.0287,<1> (CHB) ,2.6,<1> (CHB) ,
"sapldnut  ","P",04/21/2015 21:30,1,1,2         ,"S         ","{CHB} {CSM}",0.0232,<1> (CHB) ,0.106,<1> (CHB) ,0.0040,<-4> [SBL] (CHB) ,"",<-4> [SCB] (CHB) ,0.0287,<1> (CHB) ,3.1,<1> (CHB) ,
"sapldnut  ","P",04/21/2015 23:30,1,1,2         ,1         ,"{CHB} {CSM}",0.0608,<1> (CHB) ,0.0471,<1> (CHB) ,0.0040,<-4> [SBL] (CHB) ,"",<-4> [SCB] (CHB) ,0.0040,<-4> [SBL] (CHB) ,1.0,<1> (CHB) ,
"sapldnut  ","P",04/21/2015 23:30,1,1,2         ,"S         ","{CHB} {CSM}",0.0648,<1> (CHB) ,0.0541,<1> (CHB) ,0.0040,<-4> [SBL] (CHB) ,"",<-4> [SCB] (CHB) ,0.0040,<-4> [SBL] (CHB) ,1.5,<1> (CHB) ,
"sapldnut  ","P",04/22/2015 1:30,1,1,2         ,1         ,"{CHB} {CSM}",0.0223,<1> (CHB) ,0.103,<1> (CHB) ,0.0040,<-4> [SBL] (CHB) ,"",<-4> [SCB] (CHB) ,0.0239,<1> (CHB) ,9.2,<1> (CHB) ,
"sapldnut  ","P",04/22/2015 1:30,1,1,2         ,"S         ","{CHB} {CSM}",0.024,<1> (CHB) ,0.113,<1> (CHB) ,0.0040,<-4> [SBL] (CHB) ,"",<-4> [SCB] (CHB) ,0.0252,<1> (CHB) ,11.3,<1> (CHB) ,
"sapldnut  ","P",04/22/2015 3:30,1,1,2         ,1         ,"{CHB} {CSM}",0.0244,<1> (CHB) ,0.0912,<1> (CHB) ,0.0040,<-4> [SBL] (CHB) ,"",<-4> [SCB] (CHB) ,0.019,<1> (CHB) ,4.2,<1> (CHB) ,
"sapldnut  ","P",04/22/2015 3:30,1,1,2         ,"S         ","{CHB} {CSM}",0.0247,<1> (CHB) ,0.101,<1> (CHB) ,0.0040,<-4> [SBL] (CHB) ,"",<-4> [SCB] (CHB) ,0.019,<1> (CHB) ,5.3,<1> (CHB) ,
"sapldnut  ","P",04/22/2015 5:30,1,1,2         ,1         ,"{CHB} {CSM}",0.0269,<1> (CHB) ,0.0991,<1> (CHB) ,0.0040,<-4> [SBL] (CHB) ,"",<-4> [SCB] (CHB) ,0.0185,<1> (CHB) ,2.9,<1> (CHB) ,
"sapldnut  ","P",04/22/2015 5:30,1,1,2         ,"S         ","{CHB} {CSM}",0.0274,<1> (CHB) ,0.111,<1> (CHB) ,0.0040,<-4> [SBL] (CHB) ,"",<-4> [SCB] (CHB) ,0.0188,<1> (CHB) ,3.5,<1> (CHB) ,
"sapldnut  ","P",04/22/2015 9:58,1,1,1         ,1         ,"{CHB} {CSM}",0.0246,<1> (CHB) ,0.0949,<1> (CHB) ,0.0040,<-4> [SBL] (CHB) ,"",<-4> [SCB] (CHB) ,0.0194,<1> (CHB) ,8.6,<1> (CHB) ,
"sapldnut  ","P",04/22/2015 9:58,1,1,1         ,"S         ","{CHB} {CSM}",0.0246,<1> (CHB) ,0.0957,<1> (CHB) ,0.0040,<-4> [SBL] (CHB) ,"",<-4> [SCB] (CHB) ,0.0199,<1> (CHB) ,11.0,<1> (CHB) ,
"sapldnut  ","P",04/22/2015 10:00,1,1,1         ,2         ,"{CHB} {CSM}",0.0233,<1> (CHB) ,0.0976,<1> (CHB) ,0.0040,<-4> [SBL] (CHB) ,"",<-4> [SCB] (CHB) ,0.0193,<1> (CHB) ,6.9,<1> (CHB) ,
"sapldnut  ","P",04/22/2015 10:00,1,1,1         ,"S         ","{CHB} {CSM}",0.0254,<1> (CHB) ,0.0942,<1> (CHB) ,0.0040,<-4> [SBL] (CHB) ,"",<-4> [SCB] (CHB) ,0.0192,<1> (CHB) ,8.0,<1> (CHB) ,
"sapldnut  ","P",05/26/2015 9:30,1,1,2         ,1         ,"{CSM}",0.0204,<1> (CHB) ,0.0928,<1> (CHB) ,0.0040,<-4> [SBL] (CHB) ,"",<-4> [SCB] (CHB) ,0.026,<1> (CHB) ,6.7,<1> (CHB) ,
"sapldnut  ","P",05/26/2015 9:30,1,1,2         ,"S         ","{CSM}",0.0213,<1> (CHB) ,0.1,<1> (CHB) ,0.0040,<-4> [SBL] (CHB) ,"",<-4> [SCB] (CHB) ,0.0253,<1> (CHB) ,9.0,<1> (CHB) ,
"sapldnut  ","P",05/26/2015 11:30,1,1,2         ,1         ,"{CSM}",0.0221,<1> (CHB) ,0.104,<1> (CHB) ,0.0040,<-4> [SBL] (CHB) ,"",<-4> [SCB] (CHB) ,0.0276,<1> (CHB) ,12.3,<1> (CHB) ,
"sapldnut  ","P",05/26/2015 11:30,1,1,2         ,"S         ","{CSM}",0.0219,<1> (CHB) ,0.105,<1> (CHB) ,0.0040,<-4> [SBL] (CHB) ,"",<-4> [SCB] (CHB) ,0.0276,<1> (CHB) ,12.9,<1> (CHB) ,
"sapldnut  ","P",05/26/2015 13:30,1,1,2         ,1         ,"{CSM}",0.0202,<1> (CHB) ,0.105,<1> (CHB) ,0.0040,<-4> [SBL] (CHB) ,"",<-4> [SCB] (CHB) ,0.0252,<1> (CHB) ,13.2,<1> (CHB) ,
"sapldnut  ","P",05/26/2015 13:30,1,1,2         ,"S         ","{CSM}",0.0203,<1> (CHB) ,0.103,<1> (CHB) ,0.0040,<-4> [SBL] (CHB) ,"",<-4> [SCB] (CHB) ,0.0251,<1> (CHB) ,13.0,<1> (CHB) ,
"sapldnut  ","P",05/26/2015 15:30,1,1,2         ,1         ,"{CSM}",0.0163,<1> (CHB) ,0.0667,<1> (CHB) ,0.0040,<-4> [SBL] (CHB) ,"",<-4> [SCB] (CHB) ,0.0076,<1> (CHB) ,10.4,<1> (CHB) ,
"sapldnut  ","P",05/26/2015 15:30,1,1,2         ,"S         ","{CSM}",0.0158,<1> (CHB) ,0.0658,<1> (CHB) ,0.0040,<-4> [SBL] (CHB) ,"",<-4> [SCB] (CHB) ,0.0078,<1> (CHB) ,11.9,<1> (CHB) ,
"sapldnut  ","P",05/26/2015 17:30,1,1,2         ,1         ,"{CSM}",0.0215,<1> (CHB) ,0.0952,<1> (CHB) ,0.0040,<-4> [SBL] (CHB) ,"",<-4> [SCB] (CHB) ,0.0245,<1> (CHB) ,8.8,<1> (CHB) ,
"sapldnut  ","P",05/26/2015 17:30,1,1,2         ,"S         ","{CSM}",0.0215,<1> (CHB) ,0.104,<1> (CHB) ,0.0040,<-4> [SBL] (CHB) ,"",<-4> [SCB] (CHB) ,0.0237,<1> (CHB) ,9.8,<1> (CHB) ,
"sapldnut  ","P",05/26/2015 19:30,1,1,2         ,1         ,"{CSM}",0.0152,<1> (CHB) ,0.0425,<1> (CHB) ,0.0040,<-4> [SBL] (CHB) ,"",<-4> [SCB] (CHB) ,0.021,<1> (CHB) ,7.8,<1> (CHB) ,
"sapldnut  ","P",05/26/2015 19:30,1,1,2         ,"S         ","{CSM}",0.0158,<1> (CHB) ,0.0424,<1> (CHB) ,0.0040,<-4> [SBL] (CHB) ,"",<-4> [SCB] (CHB) ,0.0211,<1> (CHB) ,8.5,<1> (CHB) ,
"sapldnut  ","P",05/26/2015 21:30,1,1,2         ,1         ,"{CSM}",0.0219,<1> (CHB) ,0.0828,<1> (CHB) ,0.0040,<-4> [SBL] (CHB) ,"",<-4> [SCB] (CHB) ,0.0193,<1> (CHB) ,6.3,<1> (CHB) ,
"sapldnut  ","P",05/26/2015 21:30,1,1,2         ,"S         ","{CSM}",0.0228,<1> (CHB) ,0.0875,<1> (CHB) ,0.0040,<-4> [SBL] (CHB) ,"",<-4> [SCB] (CHB) ,0.0188,<1> (CHB) ,6.3,<1> (CHB) ,
"sapldnut  ","P",05/26/2015 23:30,1,1,2         ,1         ,"{CSM}",0.0225,<1> (CHB) ,0.101,<1> (CHB) ,0.0040,<-4> [SBL] (CHB) ,"",<-4> [SCB] (CHB) ,0.0302,<1> (CHB) ,3.1,<1> (CHB) ,
"sapldnut  ","P",05/26/2015 23:30,1,1,2         ,"S         ","{CSM}",0.0229,<1> (CHB) ,0.109,<1> (CHB) ,0.0040,<-4> [SBL] (CHB) ,"",<-4> [SCB] (CHB) ,0.0298,<1> (CHB) ,3.4,<1> (CHB) ,
"sapldnut  ","P",05/27/2015 1:30,1,1,2         ,1         ,"{CSM}",0.0229,<1> (CHB) ,0.104,<1> (CHB) ,0.0040,<-4> [SBL] (CHB) ,"",<-4> [SCB] (CHB) ,0.0287,<1> (CHB) ,4.3,<1> (CHB) ,
"sapldnut  ","P",05/27/2015 1:30,1,1,2         ,"S         ","{CSM}",0.0232,<1> (CHB) ,0.106,<1> (CHB) ,0.0040,<-4> [SBL] (CHB) ,"",<-4> [SCB] (CHB) ,0.0287,<1> (CHB) ,4.0,<1> (CHB) ,
"sapldnut  ","P",05/27/2015 3:30,1,1,2         ,1         ,"{CSM}",0.0608,<1> (CHB) ,0.0471,<1> (CHB) ,0.0040,<-4> [SBL] (CHB) ,"",<-4> [SCB] (CHB) ,0.0040,<-4> [SBL] (CHB) ,5.2,<1> (CHB) ,
"sapldnut  ","P",05/27/2015 3:30,1,1,2         ,"S         ","{CSM}",0.0648,<1> (CHB) ,0.0541,<1> (CHB) ,0.0040,<-4> [SBL] (CHB) ,"",<-4> [SCB] (CHB) ,0.0040,<-4> [SBL] (CHB) ,3.9,<1> (CHB) ,
"sapldnut  ","P",05/27/2015 5:30,1,1,2         ,1         ,"{CSM}",0.0223,<1> (CHB) ,0.103,<1> (CHB) ,0.0040,<-4> [SBL] (CHB) ,"",<-4> [SCB] (CHB) ,0.0239,<1> (CHB) ,8.0,<1> (CHB) ,
"sapldnut  ","P",05/27/2015 5:30,1,1,2         ,"S         ","{CSM}",0.024,<1> (CHB) ,0.113,<1> (CHB) ,0.0040,<-4> [SBL] (CHB) ,"",<-4> [SCB] (CHB) ,0.0252,<1> (CHB) ,7.4,<1> (CHB) ,
"sapldnut  ","P",05/27/2015 7:30,1,1,2         ,1         ,"{CSM}",0.0244,<1> (CHB) ,0.0912,<1> (CHB) ,0.0040,<-4> [SBL] (CHB) ,"",<-4> [SCB] (CHB) ,0.019,<1> (CHB) ,8.7,<1> (CHB) ,
"sapldnut  ","P",05/27/2015 7:30,1,1,2         ,"S         ","{CSM}",0.0247,<1> (CHB) ,0.101,<1> (CHB) ,0.0040,<-4> [SBL] (CHB) ,"",<-4> [SCB] (CHB) ,0.019,<1> (CHB) ,7.8,<1> (CHB) ,
"sapldnut  ","P",05/27/2015 9:30,1,1,2         ,1         ,"{CSM}",0.0269,<1> (CHB) ,0.0991,<1> (CHB) ,0.0040,<-4> [SBL] (CHB) ,"",<-4> [SCB] (CHB) ,0.0185,<1> (CHB) ,11.1,<1> (CHB) ,
"sapldnut  ","P",05/27/2015 9:30,1,1,2         ,"S         ","{CSM}",0.0274,<1> (CHB) ,0.111,<1> (CHB) ,0.0040,<-4> [SBL] (CHB) ,"",<-4> [SCB] (CHB) ,0.0188,<1> (CHB) ,9.6,<1> (CHB) ,
"sapldnut  ","P",05/27/2015 10:00,1,1,1         ,1         ,"{CSM}",0.0246,<1> (CHB) ,0.0949,<1> (CHB) ,0.0040,<-4> [SBL] (CHB) ,"",<-4> [SCB] (CHB) ,0.0194,<1> (CHB) ,8.1,<1> (CHB) ,
"sapldnut  ","P",05/27/2015 10:00,1,1,1         ,"S         ","{CSM}",0.0246,<1> (CHB) ,0.0957,<1> (CHB) ,0.0040,<-4> [SBL] (CHB) ,"",<-4> [SCB] (CHB) ,0.0199,<1> (CHB) ,10.8,<1> (CHB) ,
"sapldnut  ","P",05/27/2015 10:05,1,1,1         ,2         ,"{CSM}",0.0233,<1> (CHB) ,0.0976,<1> (CHB) ,0.0040,<-4> [SBL] (CHB) ,"",<-4> [SCB] (CHB) ,0.0193,<1> (CHB) ,9.8,<1> (CHB) ,
"sapldnut  ","P",05/27/2015 10:05,1,1,1         ,"S         ","{CSM}",0.0254,<1> (CHB) ,0.0942,<1> (CHB) ,0.0040,<-4> [SBL] (CHB) ,"",<-4> [SCB] (CHB) ,0.0192,<1> (CHB) ,10.3,<1> (CHB) ,
"sapldnut  ","P",06/24/2015 8:30,1,1,2         ,1         ,"{CSM}",0.0316,<1> (CHB) ,0.0623,<1> (CHB) ,0.0040,<-4> [SBL] (CHB) ,"",<-4> [SCB] (CHB) ,0.0040,<-4> [SBL] (CHB) ,5.3,<1> (CHB) ,
"sapldnut  ","P",06/24/2015 8:30,1,1,2         ,"S         ","{CSM}",0.0322,<1> (CHB) ,0.0621,<1> (CHB) ,0.0040,<-4> [SBL] (CHB) ,"",<-4> [SCB] (CHB) ,0.0040,<-4> [SBL] (CHB) ,5.9,<1> (CHB) ,
"sapldnut  ","P",06/24/2015 10:30,1,1,2         ,1         ,"{CSM}",0.0188,<1> (CHB) ,0.0452,<1> (CHB) ,0.0040,<-4> [SBL] (CHB) ,"",<-4> [SCB] (CHB) ,0.0040,<-4> [SBL] (CHB) ,12.1,<1> (CHB) ,
"sapldnut  ","P",06/24/2015 10:30,1,1,2         ,"S         ","{CSM}",0.0193,<1> (CHB) ,0.0446,<1> (CHB) ,0.0040,<-4> [SBL] (CHB) ,"",<-4> [SCB] (CHB) ,0.0040,<-4> [SBL] (CHB) ,12.6,<1> (CHB) ,
"sapldnut  ","P",06/24/2015 12:30,1,1,2         ,1         ,"{CSM}",0.0212,<1> (CHB) ,0.0176,<1> (CHB) ,0.0040,<-4> [SBL] (CHB) ,"",<-4> [SCB] (CHB) ,0.0040,<-4> [SBL] (CHB) ,11.8,<1> (CHB) ,
"sapldnut  ","P",06/24/2015 12:30,1,1,2         ,"S         ","{CSM}",0.0212,<1> (CHB) ,0.0259,<1> (CHB) ,0.0040,<-4> [SBL] (CHB) ,"",<-4> [SCB] (CHB) ,0.0040,<-4> [SBL] (CHB) ,12.6,<1> (CHB) ,
"sapldnut  ","P",06/24/2015 14:30,1,1,2         ,1         ,"{CSM}",0.0172,<1> (CHB) ,0.0248,<1> (CHB) ,0.0040,<-4> [SBL] (CHB) ,"",<-4> [SCB] (CHB) ,0.0040,<-4> [SBL] (CHB) ,14.6,<1> (CHB) ,
"sapldnut  ","P",06/24/2015 14:30,1,1,2         ,"S         ","{CSM}",0.0174,<1> (CHB) ,0.0251,<1> (CHB) ,0.0040,<-4> [SBL] (CHB) ,"",<-4> [SCB] (CHB) ,0.0040,<-4> [SBL] (CHB) ,16.0,<1> (CHB) ,
"sapldnut  ","P",06/24/2015 16:30,1,1,2         ,1         ,"{CSM}",0.0182,<1> (CHB) ,0.0217,<1> (CHB) ,0.0040,<-4> [SBL] (CHB) ,"",<-4> [SCB] (CHB) ,0.0040,<-4> [SBL] (CHB) ,11.7,<1> (CHB) ,
"sapldnut  ","P",06/24/2015 16:30,1,1,2         ,"S         ","{CSM}",0.0184,<1> (CHB) ,0.0221,<1> (CHB) ,0.0040,<-4> [SBL] (CHB) ,"",<-4> [SCB] (CHB) ,0.0040,<-4> [SBL] (CHB) ,12.3,<1> (CHB) ,
"sapldnut  ","P",06/24/2015 18:30,1,1,2         ,1         ,"{CSM}",0.0193,<1> (CHB) ,0.0106,<1> (CHB) ,0.0040,<-4> [SBL] (CHB) ,"",<-4> [SCB] (CHB) ,0.0040,<-4> [SBL] (CHB) ,10.7,<1> (CHB) ,
"sapldnut  ","P",06/24/2015 18:30,1,1,2         ,"S         ","{CSM}",0.0193,<1> (CHB) ,0.0124,<1> (CHB) ,0.0040,<-4> [SBL] (CHB) ,"",<-4> [SCB] (CHB) ,0.0040,<-4> [SBL] (CHB) ,10.5,<1> (CHB) ,
"sapldnut  ","P",06/24/2015 20:30,1,1,2         ,1         ,"{CSM}",0.0288,<1> (CHB) ,0.0080,<1> (CHB) ,0.0040,<-4> [SBL] (CHB) ,"",<-4> [SCB] (CHB) ,0.0040,<-4> [SBL] (CHB) ,8.3,<1> (CHB) ,
"sapldnut  ","P",06/24/2015 20:30,1,1,2         ,"S         ","{CSM}",0.0292,<1> (CHB) ,0.0093,<1> (CHB) ,0.0040,<-4> [SBL] (CHB) ,"",<-4> [SCB] (CHB) ,0.0040,<-4> [SBL] (CHB) ,8.4,<1> (CHB) ,
"sapldnut  ","P",06/24/2015 22:30,1,1,2         ,1         ,"{CSM}",0.0245,<1> (CHB) ,0.0347,<1> (CHB) ,0.0040,<-4> [SBL] (CHB) ,"",<-4> [SCB] (CHB) ,0.0040,<-4> [SBL] (CHB) ,5.5,<1> (CHB) ,
"sapldnut  ","P",06/24/2015 22:30,1,1,2         ,"S         ","{CSM}",0.0244,<1> (CHB) ,0.0353,<1> (CHB) ,0.0040,<-4> [SBL] (CHB) ,"",<-4> [SCB] (CHB) ,0.0040,<-4> [SBL] (CHB) ,5.6,<1> (CHB) ,
"sapldnut  ","P",06/25/2015 0:30,1,1,2         ,1         ,"{CSM}",0.0244,<1> (CHB) ,0.0292,<1> (CHB) ,0.0040,<-4> [SBL] (CHB) ,"",<-4> [SCB] (CHB) ,0.0040,<-4> [SBL] (CHB) ,6.8,<1> (CHB) ,
"sapldnut  ","P",06/25/2015 0:30,1,1,2         ,"S         ","{CSM}",0.0244,<1> (CHB) ,0.0302,<1> (CHB) ,0.0040,<-4> [SBL] (CHB) ,"",<-4> [SCB] (CHB) ,0.0040,<-4> [SBL] (CHB) ,6.0,<1> (CHB) ,
"sapldnut  ","P",06/25/2015 2:30,1,1,2         ,1         ,"{CSM}",0.0239,<1> (CHB) ,0.0308,<1> (CHB) ,0.0040,<-4> [SBL] (CHB) ,"",<-4> [SCB] (CHB) ,0.0040,<-4> [SBL] (CHB) ,5.0,<1> (CHB) ,
"sapldnut  ","P",06/25/2015 2:30,1,1,2         ,"S         ","{CSM}",0.0236,<1> (CHB) ,0.0327,<1> (CHB) ,0.0040,<-4> [SBL] (CHB) ,"",<-4> [SCB] (CHB) ,0.0040,<-4> [SBL] (CHB) ,5.6,<1> (CHB) ,
"sapldnut  ","P",06/25/2015 4:30,1,1,2         ,1         ,"{CSM}",0.0234,<1> (CHB) ,0.0362,<1> (CHB) ,0.0040,<-4> [SBL] (CHB) ,"",<-4> [SCB] (CHB) ,0.0040,<-4> [SBL] (CHB) ,5.5,<1> (CHB) ,
"sapldnut  ","P",06/25/2015 4:30,1,1,2         ,"S         ","{CSM}",0.0234,<1> (CHB) ,0.036,<1> (CHB) ,0.0040,<-4> [SBL] (CHB) ,"",<-4> [SCB] (CHB) ,0.0040,<-4> [SBL] (CHB) ,5.0,<1> (CHB) ,
"sapldnut  ","P",06/25/2015 6:30,1,1,2         ,1         ,"{CSM}",0.0277,<1> (CHB) ,0.0428,<1> (CHB) ,0.0040,<-4> [SBL] (CHB) ,"",<-4> [SCB] (CHB) ,0.0040,<-4> [SBL] (CHB) ,7.7,<1> (CHB) ,
"sapldnut  ","P",06/25/2015 6:30,1,1,2         ,"S         ","{CSM}",0.0276,<1> (CHB) ,0.0447,<1> (CHB) ,0.0040,<-4> [SBL] (CHB) ,"",<-4> [SCB] (CHB) ,0.0040,<-4> [SBL] (CHB) ,7.9,<1> (CHB) ,
"sapldnut  ","P",06/25/2015 8:30,1,1,2         ,1         ,"{CSM}",0.0316,<1> (CHB) ,0.0219,<1> (CHB) ,0.0040,<-4> [SBL] (CHB) ,"",<-4> [SCB] (CHB) ,0.0040,<-4> [SBL] (CHB) ,11.2,<1> (CHB) ,
"sapldnut  ","P",06/25/2015 8:30,1,1,2         ,"S         ","{CSM}",0.0316,<1> (CHB) ,0.0219,<1> (CHB) ,0.0040,<-4> [SBL] (CHB) ,"",<-4> [SCB] (CHB) ,0.0040,<-4> [SBL] (CHB) ,12.0,<1> (CHB) ,
"sapldnut  ","P",06/25/2015 10:19,1,1,1         ,1         ,"{CSM}",0.0304,<1> (CHB) ,0.032,<1> (CHB) ,0.0040,<-4> [SBL] (CHB) ,"",<-4> [SCB] (CHB) ,0.0040,<-4> [SBL] (CHB) ,14.1,<1> (CHB) ,
"sapldnut  ","P",06/25/2015 10:19,1,1,1         ,"S         ","{CSM}",0.0305,<1> (CHB) ,0.0307,<1> (CHB) ,0.0040,<-4> [SBL] (CHB) ,"",<-4> [SCB] (CHB) ,0.0040,<-4> [SBL] (CHB) ,12.6,<1> (CHB) ,
"sapldnut  ","P",06/25/2015 10:22,1,1,1         ,2         ,"{CSM}",0.0286,<1> (CHB) ,0.0241,<1> (CHB) ,0.0040,<-4> [SBL] (CHB) ,"",<-4> [SCB] (CHB) ,0.0040,<-4> [SBL] (CHB) ,12.7,<1> (CHB) ,
"sapldnut  ","P",06/25/2015 10:22,1,1,1         ,"S         ","{CSM}",0.0285,<1> (CHB) ,0.0244,<1> (CHB) ,0.0040,<-4> [SBL] (CHB) ,"",<-4> [SCB] (CHB) ,0.0040,<-4> [SBL] (CHB) ,12.0,<1> (CHB) ,
"sapldnut  ","P",07/21/2015 6:30,1,1,2         ,1         ,"",0.0412,<0>  ,0.0228,<0>  ,0.0040,<-4> [SBL] ,"",<-4> [SCB] ,0.0040,<-4> [SBL] ,6.5,<0>  ,
"sapldnut  ","P",07/21/2015 6:30,1,1,2         ,"S         ","",0.0412,<0>  ,0.0186,<0>  ,0.0040,<-4> [SBL] ,"",<-4> [SCB] ,0.0040,<-4> [SBL] ,5.6,<0>  ,
"sapldnut  ","P",07/21/2015 8:30,1,1,2         ,1         ,"",0.035,<0>  ,0.0104,<0>  ,0.0040,<-4> [SBL] ,"",<-4> [SCB] ,0.0040,<-4> [SBL] ,7.0,<0>  ,
"sapldnut  ","P",07/21/2015 8:30,1,1,2         ,"S         ","",0.0353,<0>  ,0.0189,<0>  ,0.0040,<-4> [SBL] ,"",<-4> [SCB] ,0.0040,<-4> [SBL] ,7.0,<0>  ,
"sapldnut  ","P",07/21/2015 10:30,1,1,2         ,1         ,"",0.0313,<0>  ,0.0186,<0>  ,0.0040,<-4> [SBL] ,"",<-4> [SCB] ,0.0040,<-4> [SBL] ,10.2,<0>  ,
"sapldnut  ","P",07/21/2015 10:30,1,1,2         ,"S         ","",0.0316,<0>  ,0.0177,<0>  ,0.0040,<-4> [SBL] ,"",<-4> [SCB] ,0.0040,<-4> [SBL] ,10.2,<0>  ,
"sapldnut  ","P",07/21/2015 12:30,1,1,2         ,1         ,"",0.0319,<0>  ,0.0183,<0>  ,0.0040,<-4> [SBL] ,"",<-4> [SCB] ,0.0040,<-4> [SBL] ,12.3,<0>  ,
"sapldnut  ","P",07/21/2015 12:30,1,1,2         ,"S         ","",0.0322,<0>  ,0.019,<0>  ,0.0040,<-4> [SBL] ,"",<-4> [SCB] ,0.0040,<-4> [SBL] ,12.0,<0>  ,
"sapldnut  ","P",07/21/2015 14:30,1,1,2         ,1         ,"",0.0456,<0>  ,0.0154,<0>  ,0.0040,<-4> [SBL] ,"",<-4> [SCB] ,0.0040,<-4> [SBL] ,12.8,<0>  ,
"sapldnut  ","P",07/21/2015 14:30,1,1,2         ,"S         ","",0.0459,<0>  ,0.0158,<0>  ,0.0040,<-4> [SBL] ,"",<-4> [SCB] ,0.0040,<-4> [SBL] ,12.6,<0>  ,
"sapldnut  ","P",07/21/2015 16:30,1,1,2         ,1         ,"",0.0353,<0>  ,0.0224,<0>  ,0.0040,<-4> [SBL] ,"",<-4> [SCB] ,0.0040,<-4> [SBL] ,10.7,<0>  ,
"sapldnut  ","P",07/21/2015 16:30,1,1,2         ,"S         ","",0.0353,<0>  ,0.0233,<0>  ,0.0040,<-4> [SBL] ,"",<-4> [SCB] ,0.0040,<-4> [SBL] ,10.6,<0>  ,
"sapldnut  ","P",07/21/2015 18:30,1,1,2         ,1         ,"",0.04,<0>  ,0.026,<0>  ,0.0040,<-4> [SBL] ,"",<-4> [SCB] ,0.0040,<-4> [SBL] ,9.0,<0>  ,
"sapldnut  ","P",07/21/2015 18:30,1,1,2         ,"S         ","",0.04,<0>  ,0.0268,<0>  ,0.0040,<-4> [SBL] ,"",<-4> [SCB] ,0.0040,<-4> [SBL] ,7.9,<0>  ,
"sapldnut  ","P",07/21/2015 20:30,1,1,2         ,1         ,"",0.0409,<0>  ,0.0357,<0>  ,0.0040,<-4> [SBL] ,"",<-4> [SCB] ,0.0040,<-4> [SBL] ,5.3,<0>  ,
"sapldnut  ","P",07/21/2015 20:30,1,1,2         ,"S         ","",0.0412,<0>  ,0.0357,<0>  ,0.0040,<-4> [SBL] ,"",<-4> [SCB] ,0.0040,<-4> [SBL] ,5.9,<0>  ,
"sapldnut  ","P",07/21/2015 22:30,1,1,2         ,1         ,"",0.0394,<0>  ,0.0312,<0>  ,0.0040,<-4> [SBL] ,"",<-4> [SCB] ,0.0040,<-4> [SBL] ,4.6,<0>  ,
"sapldnut  ","P",07/21/2015 22:30,1,1,2         ,"S         ","",0.0394,<0>  ,0.0321,<0>  ,0.0040,<-4> [SBL] ,"",<-4> [SCB] ,0.0040,<-4> [SBL] ,6.0,<0>  ,
"sapldnut  ","P",07/22/2015 0:30,1,1,2         ,1         ,"",0.0394,<0>  ,0.0527,<0>  ,0.0040,<-4> [SBL] ,"",<-4> [SCB] ,0.0040,<-4> [SBL] ,5.8,<0>  ,
"sapldnut  ","P",07/22/2015 0:30,1,1,2         ,"S         ","",0.039,<0>  ,0.0528,<0>  ,0.0040,<-4> [SBL] ,"",<-4> [SCB] ,0.0040,<-4> [SBL] ,5.2,<0>  ,
"sapldnut  ","P",07/22/2015 2:30,1,1,2         ,1         ,"",0.04,<0>  ,0.0508,<0>  ,0.0040,<-4> [SBL] ,"",<-4> [SCB] ,0.0040,<-4> [SBL] ,3.7,<0>  ,
"sapldnut  ","P",07/22/2015 2:30,1,1,2         ,"S         ","",0.04,<0>  ,0.0507,<0>  ,0.0040,<-4> [SBL] ,"",<-4> [SCB] ,0.0040,<-4> [SBL] ,3.5,<0>  ,
"sapldnut  ","P",07/22/2015 4:30,1,1,2         ,1         ,"",0.0459,<0>  ,0.0588,<0>  ,0.0040,<-4> [SBL] ,"",<-4> [SCB] ,0.0040,<-4> [SBL] ,6.4,<0>  ,
"sapldnut  ","P",07/22/2015 4:30,1,1,2         ,"S         ","",0.0459,<0>  ,0.0573,<0>  ,0.0040,<-4> [SBL] ,"",<-4> [SCB] ,0.0040,<-4> [SBL] ,5.6,<0>  ,
"sapldnut  ","P",07/22/2015 6:30,1,1,2         ,1         ,"",0.0521,<0>  ,0.0659,<0>  ,0.0040,<-4> [SBL] ,"",<-4> [SCB] ,0.0040,<-4> [SBL] ,6.9,<0>  ,
"sapldnut  ","P",07/22/2015 6:30,1,1,2         ,"S         ","",0.0521,<0>  ,0.0662,<0>  ,0.0040,<-4> [SBL] ,"",<-4> [SCB] ,0.0040,<-4> [SBL] ,7.7,<0>  ,
"sapldnut  ","P",07/22/2015 9:31,1,1,1         ,1         ,"",0.0515,<0>  ,0.0604,<0>  ,0.0040,<-4> [SBL] ,"",<-4> [SCB] ,0.0040,<-4> [SBL] ,6.0,<0>  ,
"sapldnut  ","P",07/22/2015 9:31,1,1,1         ,"S         ","",0.0515,<0>  ,0.0596,<0>  ,0.0040,<-4> [SBL] ,"",<-4> [SCB] ,0.0040,<-4> [SBL] ,7.9,<0>  ,
"sapldnut  ","P",07/22/2015 9:35,1,1,1         ,2         ,"",0.0255,<0>  ,0.033,<0>  ,0.0040,<-4> [SBL] ,"",<-4> [SCB] ,0.0040,<-4> [SBL] ,7.3,<0>  ,
"sapldnut  ","P",07/22/2015 9:35,1,1,1         ,"S         ","",0.0256,<0>  ,0.0413,<0>  ,0.0040,<-4> [SBL] ,"",<-4> [SCB] ,0.0040,<-4> [SBL] ,7.3,<0>  ,
"sapldnut  ","P",08/24/2015 9:50,1,1,2         ,1         ,"{CSM}",0.0499,<1> (CHB) ,0.057,<1> (CHB) ,0.0335,<1> (CHB) ,0.0106,<1> (CHB) ,0.0441,<1> (CHB) ,11.5,<1> (CHB) ,
"sapldnut  ","P",08/24/2015 9:50,1,1,2         ,"S         ","{CSM}",0.0496,<1> (CHB) ,0.0597,<1> (CHB) ,0.0328,<1> (CHB) ,0.0095,<1> (CHB) ,0.0423,<1> (CHB) ,12.3,<1> (CHB) ,
"sapldnut  ","P",08/24/2015 11:50,1,1,2         ,1         ,"{CSM}",0.0347,<1> (CHB) ,0.0407,<1> (CHB) ,0.0040,<-4> [SBL] (CHB) ,"",<-4> [SCB] (CHB) ,0.0040,<-4> [SBL] (CHB) ,16.2,<1> (CHB) ,
"sapldnut  ","P",08/24/2015 11:50,1,1,2         ,"S         ","{CSM}",0.0347,<1> (CHB) ,0.0427,<1> (CHB) ,0.0040,<-4> [SBL] (CHB) ,"",<-4> [SCB] (CHB) ,0.0040,<-4> [SBL] (CHB) ,15.6,<1> (CHB) ,
"sapldnut  ","P",08/24/2015 13:50,1,1,2         ,1         ,"{CSM}",0.0378,<1> (CHB) ,0.0265,<1> (CHB) ,0.0040,<1> (CHB) ,6.0E-4,<1> (CHB) ,0.0046,<1> (CHB) ,13.2,<1> (CHB) ,
"sapldnut  ","P",08/24/2015 13:50,1,1,2         ,"S         ","{CSM}",0.0378,<1> (CHB) ,0.0307,<1> (CHB) ,0.0047,<1> (CHB) ,1.0E-4,<1> (CHB) ,0.0048,<1> (CHB) ,11.1,<1> (CHB) ,
"sapldnut  ","P",08/24/2015 15:50,1,1,2         ,1         ,"{CSM}",0.0338,<1> (CHB) ,0.0297,<1> (CHB) ,0.0040,<-4> [SBL] (CHB) ,"",<-4> [SCB] (CHB) ,0.0040,<-4> [SBL] (CHB) ,13.7,<1> (CHB) ,
"sapldnut  ","P",08/24/2015 15:50,1,1,2         ,"S         ","{CSM}",0.0338,<1> (CHB) ,0.0308,<1> (CHB) ,0.0040,<-4> [SBL] (CHB) ,"",<-4> [SCB] (CHB) ,0.0040,<-4> [SBL] (CHB) ,14.2,<1> (CHB) ,
"sapldnut  ","P",08/24/2015 17:50,1,1,2         ,1         ,"{CSM}",0.0369,<1> (CHB) ,0.0777,<1> (CHB) ,0.0040,<-4> [SBL] (CHB) ,"",<-4> [SCB] (CHB) ,0.0040,<-4> [SBL] (CHB) ,9.6,<1> (CHB) ,
"sapldnut  ","P",08/24/2015 17:50,1,1,2         ,"S         ","{CSM}",0.0366,<1> (CHB) ,0.0937,<1> (CHB) ,0.0040,<-4> [SBL] (CHB) ,"",<-4> [SCB] (CHB) ,0.0040,<-4> [SBL] (CHB) ,8.4,<1> (CHB) ,
"sapldnut  ","P",08/24/2015 19:50,1,1,2         ,1         ,"{CSM}",0.0406,<1> (CHB) ,0.0423,<1> (CHB) ,0.0040,<-4> [SBL] (CHB) ,"",<-4> [SCB] (CHB) ,0.0040,<-4> [SBL] (CHB) ,8.6,<1> (CHB) ,
"sapldnut  ","P",08/24/2015 19:50,1,1,2         ,"S         ","{CSM}",0.0403,<1> (CHB) ,0.0442,<1> (CHB) ,0.0040,<-4> [SBL] (CHB) ,"",<-4> [SCB] (CHB) ,0.0040,<-4> [SBL] (CHB) ,9.1,<1> (CHB) ,
"sapldnut  ","P",08/24/2015 21:50,1,1,2         ,1         ,"{CSM}",0.0487,<1> (CHB) ,0.0409,<1> (CHB) ,0.0176,<1> (CHB) ,0.0070,<1> (CHB) ,0.0246,<1> (CHB) ,8.5,<1> (CHB) ,
"sapldnut  ","P",08/24/2015 21:50,1,1,2         ,"S         ","{CSM}",0.0487,<1> (CHB) ,0.047,<1> (CHB) ,0.0186,<1> (CHB) ,0.0035,<1> (CHB) ,0.0221,<1> (CHB) ,8.2,<1> (CHB) ,
"sapldnut  ","P",08/24/2015 23:50,1,1,2         ,1         ,"{CSM}",0.0453,<1> (CHB) ,0.0344,<1> (CHB) ,0.0138,<1> (CHB) ,0.0068,<1> (CHB) ,0.0206,<1> (CHB) ,6.6,<1> (CHB) ,
"sapldnut  ","P",08/24/2015 23:50,1,1,2         ,"S         ","{CSM}",0.0462,<1> (CHB) ,0.0494,<1> (CHB) ,0.0146,<1> (CHB) ,0.0051,<1> (CHB) ,0.0197,<1> (CHB) ,7.4,<1> (CHB) ,
"sapldnut  ","P",08/25/2015 1:50,1,1,2         ,1         ,"{CSM}",0.0468,<1> (CHB) ,0.0354,<1> (CHB) ,0.0203,<1> (CHB) ,0.0029,<1> (CHB) ,0.0232,<1> (CHB) ,5.3,<1> (CHB) ,
"sapldnut  ","P",08/25/2015 1:50,1,1,2         ,"S         ","{CSM}",0.0468,<1> (CHB) ,0.0357,<1> (CHB) ,0.0203,<1> (CHB) ,0.0028,<1> (CHB) ,0.0231,<1> (CHB) ,6.8,<1> (CHB) ,
"sapldnut  ","P",08/25/2015 3:50,1,1,2         ,1         ,"{CSM}",0.0422,<1> (CHB) ,0.0343,<1> (CHB) ,0.0098,<1> (CHB) ,8.0E-4,<1> (CHB) ,0.0106,<1> (CHB) ,6.1,<1> (CHB) ,
"sapldnut  ","P",08/25/2015 3:50,1,1,2         ,"S         ","{CSM}",0.0418,<1> (CHB) ,0.0411,<1> (CHB) ,0.0089,<1> (CHB) ,0.0010,<1> (CHB) ,0.0099,<1> (CHB) ,6.7,<1> (CHB) ,
"sapldnut  ","P",08/25/2015 5:50,1,1,2         ,1         ,"{CSM}",0.0449,<1> (CHB) ,0.0562,<1> (CHB) ,0.0165,<1> (CHB) ,7.0E-4,<1> (CHB) ,0.0172,<1> (CHB) ,6.3,<1> (CHB) ,
"sapldnut  ","P",08/25/2015 5:50,1,1,2         ,"S         ","{CSM}",0.0449,<1> (CHB) ,0.0638,<1> (CHB) ,0.0153,<1> (CHB) ,0.0018,<1> (CHB) ,0.0171,<1> (CHB) ,6.1,<1> (CHB) ,
"sapldnut  ","P",08/25/2015 7:50,1,1,2         ,1         ,"{CSM}",0.049,<1> (CHB) ,0.0736,<1> (CHB) ,0.0168,<1> (CHB) ,0.0070,<1> (CHB) ,0.0238,<1> (CHB) ,9.1,<1> (CHB) ,
"sapldnut  ","P",08/25/2015 7:50,1,1,2         ,"S         ","{CSM}",0.0496,<1> (CHB) ,0.0892,<1> (CHB) ,0.0194,<1> (CHB) ,0.0033,<1> (CHB) ,0.0227,<1> (CHB) ,9.3,<1> (CHB) ,
"sapldnut  ","P",08/25/2015 9:50,1,1,2         ,1         ,"{CSM}",0.0806,<1> (CHB) ,0.111,<1> (CHB) ,0.0040,<-4> [SBL] (CHB) ,"",<-4> [SCB] (CHB) ,0.0109,<1> (CHB) ,12.9,<1> (CHB) ,
"sapldnut  ","P",08/25/2015 9:50,1,1,2         ,"S         ","{CSM}",0.0762,<1> (CHB) ,0.115,<1> (CHB) ,0.0043,<1> (CHB) ,0.0054,<1> (CHB) ,0.0097,<1> (CHB) ,14.6,<1> (CHB) ,
"sapldnut  ","P",08/25/2015 11:00,1,1,1         ,1         ,"{CSM}",0.0586,<1> (CHB) ,0.0551,<1> (CHB) ,0.0109,<1> (CHB) ,0.0074,<1> (CHB) ,0.0183,<1> (CHB) ,5.1,<1> (CHB) ,
"sapldnut  ","P",08/25/2015 11:00,1,1,1         ,"S         ","{CSM}",0.0586,<1> (CHB) ,0.0712,<1> (CHB) ,0.0115,<1> (CHB) ,0.0066,<1> (CHB) ,0.0181,<1> (CHB) ,7.8,<1> (CHB) ,
"sapldnut  ","P",08/25/2015 11:03,1,1,1         ,2         ,"{CHB} {CSM}",0.0592,<1> (CDR) ,0.0608,<1> (CHB) ,0.0118,<1> (CHB) ,0.0061,<1> (CHB) ,0.0179,<1> (CHB) ,11.5,<1> (CHB) ,
"sapldnut  ","P",08/25/2015 11:03,1,1,1         ,"S         ","{CHB} {CSM}",0.0601,<1> (CDR) ,0.0511,<1> (CHB) ,0.0117,<1> (CHB) ,0.0054,<1> (CHB) ,0.0171,<1> (CHB) ,11.2,<1> (CHB) ,
"sapldnut  ","P",09/21/2015 9:30,1,1,2         ,1         ,"{CHB} {CSM}",0.0418,<1> (CHB) ,0.0446,<1> (CHB) ,0.0040,<-4> [SBL] (CHB) ,"",<-4> [SCB] (CHB) ,0.0169,<1> (CHB) ,6.8,<1> (CHB) ,
"sapldnut  ","P",09/21/2015 9:30,1,1,2         ,"S         ","{CHB} {CSM}",0.0418,<1> (CHB) ,0.0727,<1> (CHB) ,0.0040,<-4> [SBL] (CHB) ,"",<-4> [SCB] (CHB) ,0.0161,<1> (CHB) ,5.2,<1> (CHB) ,
"sapldnut  ","P",09/21/2015 11:30,1,1,2         ,1         ,"{CHB} {CSM}",0.0366,<1> (CHB) ,0.0605,<1> (CHB) ,0.0040,<-4> [SBL] (CHB) ,"",<-4> [SCB] (CHB) ,0.0040,<-4> [SBL] (CHB) ,8.7,<1> (CHB) ,
"sapldnut  ","P",09/21/2015 11:30,1,1,2         ,"S         ","{CHB} {CSM}",0.0369,<1> (CHB) ,0.0616,<1> (CHB) ,0.0040,<-4> [SBL] (CHB) ,"",<-4> [SCB] (CHB) ,0.0040,<-4> [SBL] (CHB) ,6.8,<1> (CHB) ,
"sapldnut  ","P",09/21/2015 13:30,1,1,2         ,1         ,"{CHB} {CSM}",0.0366,<1> (CHB) ,0.0325,<1> (CHB) ,0.0040,<-4> [SBL] (CHB) ,"",<-4> [SCB] (CHB) ,0.0040,<-4> [SBL] (CHB) ,11.7,<1> (CHB) ,
"sapldnut  ","P",09/21/2015 13:30,1,1,2         ,"S         ","{CHB} {CSM}",0.0366,<1> (CHB) ,0.0488,<1> (CHB) ,0.0040,<-4> [SBL] (CHB) ,"",<-4> [SCB] (CHB) ,0.0040,<-4> [SBL] (CHB) ,10.7,<1> (CHB) ,
"sapldnut  ","P",09/21/2015 15:30,1,1,2         ,1         ,"{CHB} {CSM}",0.0306,<1> (CHB) ,0.0657,<1> (CHB) ,0.0040,<-4> [SBL] (CHB) ,"",<-4> [SCB] (CHB) ,0.0040,<-4> [SBL] (CHB) ,11.5,<1> (CHB) ,
"sapldnut  ","P",09/21/2015 15:30,1,1,2         ,"S         ","{CHB} {CSM}",0.0307,<1> (CHB) ,0.0591,<1> (CHB) ,0.0040,<-4> [SBL] (CHB) ,"",<-4> [SCB] (CHB) ,0.0040,<-4> [SBL] (CHB) ,12.4,<1> (CHB) ,
"sapldnut  ","P",09/21/2015 17:30,1,1,2         ,1         ,"{CHB} {CSM}",0.0369,<1> (CHB) ,0.0433,<1> (CHB) ,0.0040,<-4> [SBL] (CHB) ,"",<-4> [SCB] (CHB) ,0.0040,<-4> [SBL] (CHB) ,13.6,<1> (CHB) ,
"sapldnut  ","P",09/21/2015 17:30,1,1,2         ,"S         ","{CHB} {CSM}",0.0369,<1> (CHB) ,0.0523,<1> (CHB) ,0.0040,<-4> [SBL] (CHB) ,"",<-4> [SCB] (CHB) ,0.0040,<-4> [SBL] (CHB) ,12.2,<1> (CHB) ,
"sapldnut  ","P",09/21/2015 19:30,1,1,2         ,1         ,"{CHB} {CSM}",0.0388,<1> (CHB) ,0.0312,<1> (CHB) ,0.0040,<-4> [SBL] (CHB) ,"",<-4> [SCB] (CHB) ,0.0040,<-4> [SBL] (CHB) ,7.9,<1> (CHB) ,
"sapldnut  ","P",09/21/2015 19:30,1,1,2         ,"S         ","{CHB} {CSM}",0.0388,<1> (CHB) ,0.0519,<1> (CHB) ,0.0040,<-4> [SBL] (CHB) ,"",<-4> [SCB] (CHB) ,0.0040,<-4> [SBL] (CHB) ,7.8,<1> (CHB) ,
"sapldnut  ","P",09/21/2015 21:30,1,1,2         ,1         ,"{CHB} {CSM}",0.0437,<1> (CHB) ,0.0429,<1> (CHB) ,0.0040,<-4> [SBL] (CHB) ,"",<-4> [SCB] (CHB) ,0.0048,<1> (CHB) ,6.2,<1> (CHB) ,
"sapldnut  ","P",09/21/2015 21:30,1,1,2         ,"S         ","{CHB} {CSM}",0.0434,<1> (CHB) ,0.0401,<1> (CHB) ,0.0040,<-4> [SBL] (CHB) ,"",<-4> [SCB] (CHB) ,0.0041,<1> (CHB) ,6.4,<1> (CHB) ,
"sapldnut  ","P",09/21/2015 23:30,1,1,2         ,1         ,"{CHB} {CSM}",0.0462,<1> (CHB) ,0.0507,<1> (CHB) ,0.0040,<-4> [SBL] (CHB) ,"",<-4> [SCB] (CHB) ,0.0083,<1> (CHB) ,7.7,<1> (CHB) ,
"sapldnut  ","P",09/21/2015 23:30,1,1,2         ,"S         ","{CHB} {CSM}",0.0468,<1> (CHB) ,0.0651,<1> (CHB) ,0.0040,<-4> [SBL] (CHB) ,"",<-4> [SCB] (CHB) ,0.0081,<1> (CHB) ,6.5,<1> (CHB) ,
"sapldnut  ","P",09/22/2015 1:30,1,1,2         ,1         ,"{CHB} {CSM}",0.0443,<1> (CHB) ,0.0845,<1> (CHB) ,0.0040,<-4> [SBL] (CHB) ,"",<-4> [SCB] (CHB) ,0.0040,<-4> [SBL] (CHB) ,8.6,<1> (CHB) ,
"sapldnut  ","P",09/22/2015 1:30,1,1,2         ,"S         ","{CHB} {CSM}",0.0443,<1> (CHB) ,0.0855,<1> (CHB) ,0.0040,<-4> [SBL] (CHB) ,"",<-4> [SCB] (CHB) ,0.0040,<-4> [SBL] (CHB) ,8.2,<1> (CHB) ,
"sapldnut  ","P",09/22/2015 3:30,1,1,2         ,1         ,"{CHB} {CSM}",0.0397,<1> (CHB) ,0.0561,<1> (CHB) ,0.0040,<-4> [SBL] (CHB) ,"",<-4> [SCB] (CHB) ,0.0040,<-4> [SBL] (CHB) ,7.9,<1> (CHB) ,
"sapldnut  ","P",09/22/2015 3:30,1,1,2         ,"S         ","{CHB} {CSM}",0.04,<1> (CHB) ,0.0559,<1> (CHB) ,0.0040,<-4> [SBL] (CHB) ,"",<-4> [SCB] (CHB) ,0.0040,<-4> [SBL] (CHB) ,9.0,<1> (CHB) ,
"sapldnut  ","P",09/22/2015 5:30,1,1,2         ,1         ,"{CHB} {CSM}",0.0425,<1> (CHB) ,0.0522,<1> (CHB) ,0.0040,<-4> [SBL] (CHB) ,"",<-4> [SCB] (CHB) ,0.0040,<-4> [SBL] (CHB) ,9.0,<1> (CHB) ,
"sapldnut  ","P",09/22/2015 5:30,1,1,2         ,"S         ","{CHB} {CSM}",0.0425,<1> (CHB) ,0.0531,<1> (CHB) ,0.0040,<-4> [SBL] (CHB) ,"",<-4> [SCB] (CHB) ,0.0040,<-4> [SBL] (CHB) ,9.3,<1> (CHB) ,
"sapldnut  ","P",09/22/2015 7:30,1,1,2         ,1         ,"{CHB} {CSM}",0.0508,<1> (CHB) ,0.0678,<1> (CHB) ,0.0040,<-4> [SBL] (CHB) ,"",<-4> [SCB] (CHB) ,0.0040,<-4> [SBL] (CHB) ,8.3,<1> (CHB) ,
"sapldnut  ","P",09/22/2015 7:30,1,1,2         ,"S         ","{CHB} {CSM}",0.0508,<1> (CHB) ,0.068,<1> (CHB) ,0.0040,<-4> [SBL] (CHB) ,"",<-4> [SCB] (CHB) ,0.0048,<1> (CHB) ,8.7,<1> (CHB) ,
"sapldnut  ","P",09/22/2015 9:30,1,1,2         ,1         ,"{CHB} {CSM}",0.0459,<1> (CHB) ,0.0659,<1> (CHB) ,0.0040,<-4> [SBL] (CHB) ,"",<-4> [SCB] (CHB) ,0.0040,<-4> [SBL] (CHB) ,6.5,<1> (CHB) ,
"sapldnut  ","P",09/22/2015 9:30,1,1,2         ,"S         ","{CHB} {CSM}",0.0477,<1> (CHB) ,0.0795,<1> (CHB) ,0.0040,<-4> [SBL] (CHB) ,"",<-4> [SCB] (CHB) ,0.0040,<-4> [SBL] (CHB) ,8.9,<1> (CHB) ,
"sapldnut  ","P",09/22/2015 10:50,1,1,1         ,1         ,"{CHB} {CSM}",0.0508,<1> (CHB) ,0.0534,<1> (CHB) ,0.0040,<-4> [SBL] (CHB) ,"",<-4> [SCB] (CHB) ,0.0040,<-4> [SBL] (CHB) ,8.8,<1> (CHB) ,
"sapldnut  ","P",09/22/2015 10:50,1,1,1         ,"S         ","{CHB} {CSM}",0.0515,<1> (CHB) ,0.0546,<1> (CHB) ,0.0040,<-4> [SBL] (CHB) ,"",<-4> [SCB] (CHB) ,0.0040,<-4> [SBL] (CHB) ,9.0,<1> (CHB) ,
"sapldnut  ","P",09/22/2015 10:55,1,1,1         ,2         ,"{CHB} {CSM}",0.0418,<1> (CHB) ,0.0489,<1> (CHB) ,0.0040,<-4> [SBL] (CHB) ,"",<-4> [SCB] (CHB) ,0.0040,<-4> [SBL] (CHB) ,13.2,<1> (CHB) ,
"sapldnut  ","P",09/22/2015 10:55,1,1,1         ,"S         ","{CHB} {CSM}",0.0418,<1> (CHB) ,0.0503,<1> (CHB) ,0.0040,<-4> [SBL] (CHB) ,"",<-4> [SCB] (CHB) ,0.0040,<-4> [SBL] (CHB) ,13.4,<1> (CHB) ,
"sapldnut  ","P",10/21/2015 9:30,1,1,2         ,1         ,"{CSM}","",<-2>  ,"",<-2>  ,"",<-2>  ,"",<-2> [GCM] ,"",<-2>  ,3.2,<1> (CHB) ,
"sapldnut  ","P",10/21/2015 9:30,1,1,2         ,"S         ","{CSM}","",<-2>  ,"",<-2>  ,"",<-2>  ,"",<-2> [GCM] ,"",<-2>  ,4.2,<1> (CHB) ,
"sapldnut  ","P",10/21/2015 11:30,1,1,2         ,1         ,"{CSM}","",<-2>  ,"",<-2>  ,"",<-2>  ,"",<-2> [GCM] ,"",<-2>  ,4.6,<1> (CHB) ,
"sapldnut  ","P",10/21/2015 11:30,1,1,2         ,"S         ","{CSM}","",<-2>  ,"",<-2>  ,"",<-2>  ,"",<-2> [GCM] ,"",<-2>  ,5.4,<1> (CHB) ,
"sapldnut  ","P",10/21/2015 13:30,1,1,2         ,1         ,"{CSM}","",<-2>  ,"",<-2>  ,"",<-2>  ,"",<-2> [GCM] ,"",<-2>  ,8.5,<1> (CHB) ,
"sapldnut  ","P",10/21/2015 13:30,1,1,2         ,"S         ","{CSM}","",<-2>  ,"",<-2>  ,"",<-2>  ,"",<-2> [GCM] ,"",<-2>  ,7.8,<1> (CHB) ,
"sapldnut  ","P",10/21/2015 15:30,1,1,2         ,1         ,"{CSM}","",<-2>  ,"",<-2>  ,"",<-2>  ,"",<-2> [GCM] ,"",<-2>  ,10.4,<1> (CHB) ,
"sapldnut  ","P",10/21/2015 15:30,1,1,2         ,"S         ","{CSM}","",<-2>  ,"",<-2>  ,"",<-2>  ,"",<-2> [GCM] ,"",<-2>  ,10.1,<1> (CHB) ,
"sapldnut  ","P",10/21/2015 17:30,1,1,2         ,1         ,"{CSM}","",<-2>  ,"",<-2>  ,"",<-2>  ,"",<-2> [GCM] ,"",<-2>  ,4.7,<1> (CHB) ,
"sapldnut  ","P",10/21/2015 17:30,1,1,2         ,"S         ","{CSM}","",<-2>  ,"",<-2>  ,"",<-2>  ,"",<-2> [GCM] ,"",<-2>  ,6.0,<1> (CHB) ,
"sapldnut  ","P",10/21/2015 19:30,1,1,2         ,1         ,"{CSM}","",<-2>  ,"",<-2>  ,"",<-2>  ,"",<-2> [GCM] ,"",<-2>  ,5.5,<1> (CHB) ,
"sapldnut  ","P",10/21/2015 19:30,1,1,2         ,"S         ","{CSM}","",<-2>  ,"",<-2>  ,"",<-2>  ,"",<-2> [GCM] ,"",<-2>  ,6.3,<1> (CHB) ,
"sapldnut  ","P",10/21/2015 21:30,1,1,2         ,1         ,"{CSM}","",<-2>  ,"",<-2>  ,"",<-2>  ,"",<-2> [GCM] ,"",<-2>  ,4.8,<1> (CHB) ,
"sapldnut  ","P",10/21/2015 21:30,1,1,2         ,"S         ","{CSM}","",<-2>  ,"",<-2>  ,"",<-2>  ,"",<-2> [GCM] ,"",<-2>  ,4.9,<1> (CHB) ,
"sapldnut  ","P",10/21/2015 23:30,1,1,2         ,1         ,"{CSM}","",<-2>  ,"",<-2>  ,"",<-2>  ,"",<-2> [GCM] ,"",<-2>  ,4.6,<1> (CHB) ,
"sapldnut  ","P",10/21/2015 23:30,1,1,2         ,"S         ","{CSM}","",<-2>  ,"",<-2>  ,"",<-2>  ,"",<-2> [GCM] ,"",<-2>  ,4.4,<1> (CHB) ,
"sapldnut  ","P",10/22/2015 1:30,1,1,2         ,1         ,"{CSM}","",<-2>  ,"",<-2>  ,"",<-2>  ,"",<-2> [GCM] ,"",<-2>  ,4.2,<1> (CHB) ,
"sapldnut  ","P",10/22/2015 1:30,1,1,2         ,"S         ","{CSM}","",<-2>  ,"",<-2>  ,"",<-2>  ,"",<-2> [GCM] ,"",<-2>  ,4.2,<1> (CHB) ,
"sapldnut  ","P",10/22/2015 3:30,1,1,2         ,1         ,"{CSM}","",<-2>  ,"",<-2>  ,"",<-2>  ,"",<-2> [GCM] ,"",<-2>  ,5.2,<1> (CHB) ,
"sapldnut  ","P",10/22/2015 3:30,1,1,2         ,"S         ","{CSM}","",<-2>  ,"",<-2>  ,"",<-2>  ,"",<-2> [GCM] ,"",<-2>  ,4.5,<1> (CHB) ,
"sapldnut  ","P",10/22/2015 5:30,1,1,2         ,1         ,"{CSM}","",<-2>  ,"",<-2>  ,"",<-2>  ,"",<-2> [GCM] ,"",<-2>  ,5.7,<1> (CHB) ,
"sapldnut  ","P",10/22/2015 5:30,1,1,2         ,"S         ","{CSM}","",<-2>  ,"",<-2>  ,"",<-2>  ,"",<-2> [GCM] ,"",<-2>  ,5.5,<1> (CHB) ,
"sapldnut  ","P",10/22/2015 7:30,1,1,2         ,1         ,"{CSM}","",<-2>  ,"",<-2>  ,"",<-2>  ,"",<-2> [GCM] ,"",<-2>  ,6.8,<1> (CHB) ,
"sapldnut  ","P",10/22/2015 7:30,1,1,2         ,"S         ","{CSM}","",<-2>  ,"",<-2>  ,"",<-2>  ,"",<-2> [GCM] ,"",<-2>  ,6.8,<1> (CHB) ,
"sapldnut  ","P",10/22/2015 9:30,1,1,2         ,1         ,"{CSM}","",<-2>  ,"",<-2>  ,"",<-2>  ,"",<-2> [GCM] ,"",<-2>  ,7.0,<1> (CHB) ,
"sapldnut  ","P",10/22/2015 9:30,1,1,2         ,"S         ","{CSM}","",<-2>  ,"",<-2>  ,"",<-2>  ,"",<-2> [GCM] ,"",<-2>  ,5.8,<1> (CHB) ,
"sapldnut  ","P",10/22/2015 9:58,1,1,1         ,1         ,"{CSM}","",<-2>  ,"",<-2>  ,"",<-2>  ,"",<-2> [GCM] ,"",<-2>  ,8.4,<1> (CHB) ,
"sapldnut  ","P",10/22/2015 9:58,1,1,1         ,"S         ","{CSM}","",<-2>  ,"",<-2>  ,"",<-2>  ,"",<-2> [GCM] ,"",<-2>  ,8.1,<1> (CHB) ,
"sapldnut  ","P",10/22/2015 10:02,1,1,1         ,2         ,"{CSM}","",<-2>  ,"",<-2>  ,"",<-2>  ,"",<-2> [GCM] ,"",<-2>  ,6.4,<1> (CHB) ,
"sapldnut  ","P",10/22/2015 10:02,1,1,1         ,"S         ","{CSM}","",<-2>  ,"",<-2>  ,"",<-2>  ,"",<-2> [GCM] ,"",<-2>  ,6.4,<1> (CHB) ,
"sapldnut  ","P",11/18/2015 8:50,1,1,2         ,1         ,"","",<-2> (CSM) ,"",<-2> (CSM) ,"",<-2> (CSM) ,"",<-2> [GCM] (CSM) ,"",<-2> (CSM) ,6.8,<1> (CHB) ,
"sapldnut  ","P",11/18/2015 8:50,1,1,2         ,"S         ","","",<-2> (CSM) ,"",<-2> (CSM) ,"",<-2> (CSM) ,"",<-2> [GCM] (CSM) ,"",<-2> (CSM) ,7.2,<1> (CHB) ,
"sapldnut  ","P",11/18/2015 10:50,1,1,2         ,1         ,"","",<-2> (CSM) ,"",<-2> (CSM) ,"",<-2> (CSM) ,"",<-2> [GCM] (CSM) ,"",<-2> (CSM) ,9.6,<1> (CHB) ,
"sapldnut  ","P",11/18/2015 10:50,1,1,2         ,"S         ","","",<-2> (CSM) ,"",<-2> (CSM) ,"",<-2> (CSM) ,"",<-2> [GCM] (CSM) ,"",<-2> (CSM) ,9.1,<1> (CHB) ,
"sapldnut  ","P",11/18/2015 12:50,1,1,2         ,1         ,"","",<-2> (CSM) ,"",<-2> (CSM) ,"",<-2> (CSM) ,"",<-2> [GCM] (CSM) ,"",<-2> (CSM) ,10.5,<1> (CHB) ,
"sapldnut  ","P",11/18/2015 12:50,1,1,2         ,"S         ","","",<-2> (CSM) ,"",<-2> (CSM) ,"",<-2> (CSM) ,"",<-2> [GCM] (CSM) ,"",<-2> (CSM) ,10.1,<1> (CHB) ,
"sapldnut  ","P",11/18/2015 14:50,1,1,2         ,1         ,"","",<-2> (CSM) ,"",<-2> (CSM) ,"",<-2> (CSM) ,"",<-2> [GCM] (CSM) ,"",<-2> (CSM) ,7.1,<1> (CHB) ,
"sapldnut  ","P",11/18/2015 14:50,1,1,2         ,"S         ","","",<-2> (CSM) ,"",<-2> (CSM) ,"",<-2> (CSM) ,"",<-2> [GCM] (CSM) ,"",<-2> (CSM) ,8.0,<1> (CHB) ,
"sapldnut  ","P",11/18/2015 16:50,1,1,2         ,1         ,"","",<-2> (CSM) ,"",<-2> (CSM) ,"",<-2> (CSM) ,"",<-2> [GCM] (CSM) ,"",<-2> (CSM) ,6.9,<1> (CHB) ,
"sapldnut  ","P",11/18/2015 16:50,1,1,2         ,"S         ","","",<-2> (CSM) ,"",<-2> (CSM) ,"",<-2> (CSM) ,"",<-2> [GCM] (CSM) ,"",<-2> (CSM) ,6.0,<1> (CHB) ,
"sapldnut  ","P",11/18/2015 18:50,1,1,2         ,1         ,"","",<-2> (CSM) ,"",<-2> (CSM) ,"",<-2> (CSM) ,"",<-2> [GCM] (CSM) ,"",<-2> (CSM) ,4.6,<1> (CHB) ,
"sapldnut  ","P",11/18/2015 18:50,1,1,2         ,"S         ","","",<-2> (CSM) ,"",<-2> (CSM) ,"",<-2> (CSM) ,"",<-2> [GCM] (CSM) ,"",<-2> (CSM) ,3.4,<1> (CHB) ,
"sapldnut  ","P",11/18/2015 20:50,1,1,2         ,1         ,"","",<-2> (CSM) ,"",<-2> (CSM) ,"",<-2> (CSM) ,"",<-2> [GCM] (CSM) ,"",<-2> (CSM) ,3.6,<1> (CHB) ,
"sapldnut  ","P",11/18/2015 20:50,1,1,2         ,"S         ","","",<-2> (CSM) ,"",<-2> (CSM) ,"",<-2> (CSM) ,"",<-2> [GCM] (CSM) ,"",<-2> (CSM) ,3.5,<1> (CHB) ,
"sapldnut  ","P",11/18/2015 22:50,1,1,2         ,1         ,"","",<-2> (CSM) ,"",<-2> (CSM) ,"",<-2> (CSM) ,"",<-2> [GCM] (CSM) ,"",<-2> (CSM) ,4.5,<1> (CHB) ,
"sapldnut  ","P",11/18/2015 22:50,1,1,2         ,"S         ","","",<-2> (CSM) ,"",<-2> (CSM) ,"",<-2> (CSM) ,"",<-2> [GCM] (CSM) ,"",<-2> (CSM) ,4.2,<1> (CHB) ,
"sapldnut  ","P",11/19/2015 0:50,1,1,2         ,1         ,"","",<-2> (CSM) ,"",<-2> (CSM) ,"",<-2> (CSM) ,"",<-2> [GCM] (CSM) ,"",<-2> (CSM) ,6.2,<1> (CHB) ,
"sapldnut  ","P",11/19/2015 0:50,1,1,2         ,"S         ","","",<-2> (CSM) ,"",<-2> (CSM) ,"",<-2> (CSM) ,"",<-2> [GCM] (CSM) ,"",<-2> (CSM) ,5.5,<1> (CHB) ,
"sapldnut  ","P",11/19/2015 2:50,1,1,2         ,1         ,"","",<-2> (CSM) ,"",<-2> (CSM) ,"",<-2> (CSM) ,"",<-2> [GCM] (CSM) ,"",<-2> (CSM) ,5.8,<1> (CHB) ,
"sapldnut  ","P",11/19/2015 2:50,1,1,2         ,"S         ","","",<-2> (CSM) ,"",<-2> (CSM) ,"",<-2> (CSM) ,"",<-2> [GCM] (CSM) ,"",<-2> (CSM) ,5.0,<1> (CHB) ,
"sapldnut  ","P",11/19/2015 4:50,1,1,2         ,1         ,"","",<-2> (CSM) ,"",<-2> (CSM) ,"",<-2> (CSM) ,"",<-2> [GCM] (CSM) ,"",<-2> (CSM) ,4.4,<1> (CHB) ,
"sapldnut  ","P",11/19/2015 4:50,1,1,2         ,"S         ","","",<-2> (CSM) ,"",<-2> (CSM) ,"",<-2> (CSM) ,"",<-2> [GCM] (CSM) ,"",<-2> (CSM) ,4.6,<1> (CHB) ,
"sapldnut  ","P",11/19/2015 6:50,1,1,2         ,1         ,"","",<-2> (CSM) ,"",<-2> (CSM) ,"",<-2> (CSM) ,"",<-2> [GCM] (CSM) ,"",<-2> (CSM) ,4.5,<1> (CHB) ,
"sapldnut  ","P",11/19/2015 6:50,1,1,2         ,"S         ","","",<-2> (CSM) ,"",<-2> (CSM) ,"",<-2> (CSM) ,"",<-2> [GCM] (CSM) ,"",<-2> (CSM) ,4.3,<1> (CHB) ,
"sapldnut  ","P",11/19/2015 8:50,1,1,2         ,1         ,"","",<-2> (CSM) ,"",<-2> (CSM) ,"",<-2> (CSM) ,"",<-2> [GCM] (CSM) ,"",<-2> (CSM) ,5.7,<1> (CHB) ,
"sapldnut  ","P",11/19/2015 8:50,1,1,2         ,"S         ","","",<-2> (CSM) ,"",<-2> (CSM) ,"",<-2> (CSM) ,"",<-2> [GCM] (CSM) ,"",<-2> (CSM) ,6.0,<1> (CHB) ,
"sapldnut  ","P",11/19/2015 10:20,1,1,1         ,1         ,"","",<-2> (CSM) ,"",<-2> (CSM) ,"",<-2> (CSM) ,"",<-2> [GCM] (CSM) ,"",<-2> (CSM) ,4.5,<1> (CHB) ,
"sapldnut  ","P",11/19/2015 10:20,1,1,1         ,"S         ","","",<-2> (CSM) ,"",<-2> (CSM) ,"",<-2> (CSM) ,"",<-2> [GCM] (CSM) ,"",<-2> (CSM) ,4.0,<1> (CHB) ,
"sapldnut  ","P",11/19/2015 10:22,1,1,1         ,2         ,"","",<-2> (CSM) ,"",<-2> (CSM) ,"",<-2> (CSM) ,"",<-2> [GCM] (CSM) ,"",<-2> (CSM) ,4.9,<1> (CHB) ,
"sapldnut  ","P",11/19/2015 10:22,1,1,1         ,"S         ","","",<-2> (CSM) ,"",<-2> (CSM) ,"",<-2> (CSM) ,"",<-2> [GCM] (CSM) ,"",<-2> (CSM) ,6.3,<1> (CHB) ,
"sapldnut  ","P",12/02/2015 7:00,1,1,2         ,1         ,"","",<-2> (CSM) ,"",<-2> (CSM) ,"",<-2> (CSM) ,"",<-2> [GCM] (CSM) ,"",<-2> (CSM) ,2.9,<1> (CHB) ,
"sapldnut  ","P",12/02/2015 7:00,1,1,2         ,"S         ","","",<-2> (CSM) ,"",<-2> (CSM) ,"",<-2> (CSM) ,"",<-2> [GCM] (CSM) ,"",<-2> (CSM) ,2.9,<1> (CHB) ,
"sapldnut  ","P",12/02/2015 9:00,1,1,2         ,1         ,"","",<-2> (CSM) ,"",<-2> (CSM) ,"",<-2> (CSM) ,"",<-2> [GCM] (CSM) ,"",<-2> (CSM) ,4.2,<1> (CHB) ,
"sapldnut  ","P",12/02/2015 9:00,1,1,2         ,"S         ","","",<-2> (CSM) ,"",<-2> (CSM) ,"",<-2> (CSM) ,"",<-2> [GCM] (CSM) ,"",<-2> (CSM) ,3.7,<1> (CHB) ,
"sapldnut  ","P",12/02/2015 11:00,1,1,2         ,1         ,"","",<-2> (CSM) ,"",<-2> (CSM) ,"",<-2> (CSM) ,"",<-2> [GCM] (CSM) ,"",<-2> (CSM) ,6.3,<1> (CHB) ,
"sapldnut  ","P",12/02/2015 11:00,1,1,2         ,"S         ","","",<-2> (CSM) ,"",<-2> (CSM) ,"",<-2> (CSM) ,"",<-2> [GCM] (CSM) ,"",<-2> (CSM) ,6.1,<1> (CHB) ,
"sapldnut  ","P",12/02/2015 13:00,1,1,2         ,1         ,"","",<-2> (CSM) ,"",<-2> (CSM) ,"",<-2> (CSM) ,"",<-2> [GCM] (CSM) ,"",<-2> (CSM) ,4.7,<1> (CHB) ,
"sapldnut  ","P",12/02/2015 13:00,1,1,2         ,"S         ","","",<-2> (CSM) ,"",<-2> (CSM) ,"",<-2> (CSM) ,"",<-2> [GCM] (CSM) ,"",<-2> (CSM) ,5.2,<1> (CHB) ,
"sapldnut  ","P",12/02/2015 15:00,1,1,2         ,1         ,"","",<-2> (CSM) ,"",<-2> (CSM) ,"",<-2> (CSM) ,"",<-2> [GCM] (CSM) ,"",<-2> (CSM) ,5.8,<1> (CHB) ,
"sapldnut  ","P",12/02/2015 15:00,1,1,2         ,"S         ","","",<-2> (CSM) ,"",<-2> (CSM) ,"",<-2> (CSM) ,"",<-2> [GCM] (CSM) ,"",<-2> (CSM) ,6.1,<1> (CHB) ,
"sapldnut  ","P",12/02/2015 17:00,1,1,2         ,1         ,"","",<-2> (CSM) ,"",<-2> (CSM) ,"",<-2> (CSM) ,"",<-2> [GCM] (CSM) ,"",<-2> (CSM) ,6.8,<1> (CHB) ,
"sapldnut  ","P",12/02/2015 17:00,1,1,2         ,"S         ","","",<-2> (CSM) ,"",<-2> (CSM) ,"",<-2> (CSM) ,"",<-2> [GCM] (CSM) ,"",<-2> (CSM) ,6.1,<1> (CHB) ,
"sapldnut  ","P",12/02/2015 19:00,1,1,2         ,1         ,"","",<-2> (CSM) ,"",<-2> (CSM) ,"",<-2> (CSM) ,"",<-2> [GCM] (CSM) ,"",<-2> (CSM) ,3.4,<1> (CHB) ,
"sapldnut  ","P",12/02/2015 19:00,1,1,2         ,"S         ","","",<-2> (CSM) ,"",<-2> (CSM) ,"",<-2> (CSM) ,"",<-2> [GCM] (CSM) ,"",<-2> (CSM) ,3.6,<1> (CHB) ,
"sapldnut  ","P",12/02/2015 21:00,1,1,2         ,1         ,"","",<-2> (CSM) ,"",<-2> (CSM) ,"",<-2> (CSM) ,"",<-2> [GCM] (CSM) ,"",<-2> (CSM) ,2.4,<1> (CHB) ,
"sapldnut  ","P",12/02/2015 21:00,1,1,2         ,"S         ","","",<-2> (CSM) ,"",<-2> (CSM) ,"",<-2> (CSM) ,"",<-2> [GCM] (CSM) ,"",<-2> (CSM) ,2.8,<1> (CHB) ,
"sapldnut  ","P",12/02/2015 23:00,1,1,2         ,1         ,"","",<-2> (CSM) ,"",<-2> (CSM) ,"",<-2> (CSM) ,"",<-2> [GCM] (CSM) ,"",<-2> (CSM) ,2.3,<1> (CHB) ,
"sapldnut  ","P",12/02/2015 23:00,1,1,2         ,"S         ","","",<-2> (CSM) ,"",<-2> (CSM) ,"",<-2> (CSM) ,"",<-2> [GCM] (CSM) ,"",<-2> (CSM) ,2.0,<1> (CHB) ,
"sapldnut  ","P",12/03/2015 1:00,1,1,2         ,1         ,"","",<-2> (CSM) ,"",<-2> (CSM) ,"",<-2> (CSM) ,"",<-2> [GCM] (CSM) ,"",<-2> (CSM) ,1.5,<1> (CHB) ,
"sapldnut  ","P",12/03/2015 1:00,1,1,2         ,"S         ","","",<-2> (CSM) ,"",<-2> (CSM) ,"",<-2> (CSM) ,"",<-2> [GCM] (CSM) ,"",<-2> (CSM) ,1.7,<1> (CHB) ,
"sapldnut  ","P",12/03/2015 3:00,1,1,2         ,1         ,"","",<-2> (CSM) ,"",<-2> (CSM) ,"",<-2> (CSM) ,"",<-2> [GCM] (CSM) ,"",<-2> (CSM) ,2.0,<1> (CHB) ,
"sapldnut  ","P",12/03/2015 3:00,1,1,2         ,"S         ","","",<-2> (CSM) ,"",<-2> (CSM) ,"",<-2> (CSM) ,"",<-2> [GCM] (CSM) ,"",<-2> (CSM) ,3.1,<1> (CHB) ,
"sapldnut  ","P",12/03/2015 5:00,1,1,2         ,1         ,"","",<-2> (CSM) ,"",<-2> (CSM) ,"",<-2> (CSM) ,"",<-2> [GCM] (CSM) ,"",<-2> (CSM) ,4.2,<1> (CHB) ,
"sapldnut  ","P",12/03/2015 5:00,1,1,2         ,"S         ","","",<-2> (CSM) ,"",<-2> (CSM) ,"",<-2> (CSM) ,"",<-2> [GCM] (CSM) ,"",<-2> (CSM) ,3.6,<1> (CHB) ,
"sapldnut  ","P",12/03/2015 7:00,1,1,2         ,1         ,"","",<-2> (CSM) ,"",<-2> (CSM) ,"",<-2> (CSM) ,"",<-2> [GCM] (CSM) ,"",<-2> (CSM) ,3.8,<1> (CHB) ,
"sapldnut  ","P",12/03/2015 7:00,1,1,2         ,"S         ","","",<-2> (CSM) ,"",<-2> (CSM) ,"",<-2> (CSM) ,"",<-2> [GCM] (CSM) ,"",<-2> (CSM) ,2.4,<1> (CHB) ,
"sapldnut  ","P",12/03/2015 10:25,1,1,1         ,1         ,"","",<-2> (CSM) ,"",<-2> (CSM) ,"",<-2> (CSM) ,"",<-2> [GCM] (CSM) ,"",<-2> (CSM) ,5.4,<1> (CHB) ,
"sapldnut  ","P",12/03/2015 10:25,1,1,1         ,"S         ","","",<-2> (CSM) ,"",<-2> (CSM) ,"",<-2> (CSM) ,"",<-2> [GCM] (CSM) ,"",<-2> (CSM) ,4.7,<1> (CHB) ,
"sapldnut  ","P",12/03/2015 10:29,1,1,1         ,2         ,"","",<-2> (CSM) ,"",<-2> (CSM) ,"",<-2> (CSM) ,"",<-2> [GCM] (CSM) ,"",<-2> (CSM) ,4.8,<1> (CHB) ,
"sapldnut  ","P",12/03/2015 10:29,1,1,1         ,"S         ","","",<-2> (CSM) ,"",<-2> (CSM) ,"",<-2> (CSM) ,"",<-2> [GCM] (CSM) ,"",<-2> (CSM) ,4.8,<1> (CHB) ,

